bin,mean_pd,actual_rate,n,model,split
0,0.04061285544904143,0.03817627781291324,34786,lc_subgrade_lookup,test
1,0.07062950843422462,0.07002151024566965,35332,lc_subgrade_lookup,test
2,0.08527819682314314,0.08982305871745745,17746,lc_subgrade_lookup,test
3,0.09887721296444281,0.11176646462450056,36791,lc_subgrade_lookup,test
4,0.11717407738299773,0.12978028667884223,18069,lc_subgrade_lookup,test
5,0.135192836878259,0.15953204637283122,37867,lc_subgrade_lookup,test
6,0.14836795252225518,0.1828183787481473,17542,lc_subgrade_lookup,test
7,0.17239779260831406,0.21060948630053727,41133,lc_subgrade_lookup,test
8,0.198330077648665,0.24685774697521437,17026,lc_subgrade_lookup,test
9,0.21609013147896602,0.3054163237824493,26734,lc_subgrade_lookup,test
0,0.04980499683647166,0.04536450079239303,25240,lc_subgrade_lookup,valid
1,0.07501500300060011,0.07500247696423264,10093,lc_subgrade_lookup,valid
2,0.08947363155373056,0.08830367974120501,19784,lc_subgrade_lookup,valid
3,0.10431171369243923,0.11002120890774125,11316,lc_subgrade_lookup,valid
4,0.1246692475729412,0.12258497316636852,22360,lc_subgrade_lookup,valid
5,0.13836819704790365,0.1495635305528613,10310,lc_subgrade_lookup,valid
6,0.15783949927785473,0.16886668419668682,19015,lc_subgrade_lookup,valid
7,0.17481797560978102,0.19161513895495005,14717,lc_subgrade_lookup,valid
8,0.19912976260528922,0.21717276044894307,14523,lc_subgrade_lookup,valid
9,0.2251548285546175,0.2598606363397318,15212,lc_subgrade_lookup,valid
0,0.04015490148295128,0.04006642405398721,28303,logistic_no_lc,test
1,0.06466325379872018,0.07617567042363001,28303,logistic_no_lc,test
2,0.0813479799880227,0.09465762136951453,28302,logistic_no_lc,test
3,0.09612590199043948,0.11581811115429459,28303,logistic_no_lc,test
4,0.11050182855568168,0.13253480319412056,28302,logistic_no_lc,test
5,0.1257212775892921,0.1517506978058863,28303,logistic_no_lc,test
6,0.14279055366295806,0.17171931312274752,28302,logistic_no_lc,test
7,0.1636328994796715,0.19690492173974491,28303,logistic_no_lc,test
8,0.19273782581683524,0.22436576920358986,28302,logistic_no_lc,test
9,0.25965162840106104,0.2846341377239162,28303,logistic_no_lc,test
0,0.04171715344823426,0.0417051116442148,16257,logistic_no_lc,valid
1,0.06681131024377876,0.06760164852063727,16257,logistic_no_lc,valid
2,0.08384874073250831,0.08857722827089869,16257,logistic_no_lc,valid
3,0.09887313765543511,0.10407824321830596,16257,logistic_no_lc,valid
4,0.11372388697299204,0.12031740173463738,16257,logistic_no_lc,valid
5,0.1292628677220801,0.13760226364027803,16257,logistic_no_lc,valid
6,0.14663876564936076,0.15950052285169466,16257,logistic_no_lc,valid
7,0.16772588093576551,0.17936888724856984,16257,logistic_no_lc,valid
8,0.19718447407314174,0.21258534785015684,16257,logistic_no_lc,valid
9,0.26476878764193756,0.2613028233991511,16257,logistic_no_lc,valid
0,0.03631365609172727,0.03504928806133625,28303,logistic_with_lc,test
1,0.05316137929495751,0.06529343179168286,28303,logistic_with_lc,test
2,0.06587327766891561,0.08034767860928556,28302,logistic_with_lc,test
3,0.0782999642129498,0.10634915026675618,28303,logistic_with_lc,test
4,0.09136040209755976,0.12822415377005159,28302,logistic_with_lc,test
5,0.10591788811290306,0.14793484789598277,28303,logistic_with_lc,test
6,0.12304562767939553,0.17186064589074976,28302,logistic_with_lc,test
7,0.144944949898705,0.2019927216196163,28303,logistic_with_lc,test
8,0.17709343312203768,0.24206769839587308,28302,logistic_with_lc,test
9,0.25630066298068205,0.30950782602550964,28303,logistic_with_lc,test
0,0.03882662566326979,0.03487728363166636,16257,logistic_with_lc,valid
1,0.05795905409550136,0.0620655717537061,16257,logistic_with_lc,valid
2,0.07282425958848339,0.08230300793504336,16257,logistic_with_lc,valid
3,0.08708849980334937,0.09608168788829427,16257,logistic_with_lc,valid
4,0.10174629051173446,0.11601156424924648,16257,logistic_with_lc,valid
5,0.11743472435262653,0.13286584240634802,16257,logistic_with_lc,valid
6,0.1356091990047334,0.15937749892354064,16257,logistic_with_lc,valid
7,0.15888813701677723,0.18939533739312298,16257,logistic_with_lc,valid
8,0.19272892471712008,0.21873654425785816,16257,logistic_with_lc,valid
9,0.2731024594711361,0.2809251399397183,16257,logistic_with_lc,valid
0,0.03633778608765632,0.03872381019679893,28303,xgboost_no_lc,test
1,0.060612299987900256,0.06910928170158641,28303,xgboost_no_lc,test
2,0.07760066181815106,0.09384495795350152,28302,xgboost_no_lc,test
3,0.09341042329788006,0.11062431544359255,28303,xgboost_no_lc,test
4,0.10942624253479173,0.13108614232209737,28302,xgboost_no_lc,test
5,0.12672793403816987,0.15281065611419284,28303,xgboost_no_lc,test
6,0.14651064782793485,0.1744753020987916,28302,xgboost_no_lc,test
7,0.1706611788106909,0.19909550224357841,28303,xgboost_no_lc,test
8,0.20387178229968478,0.22637976114762207,28302,xgboost_no_lc,test
9,0.27880272925409694,0.29247782920538457,28303,xgboost_no_lc,test
0,0.037433918143102464,0.03795288183551701,16257,xgboost_no_lc,valid
1,0.06205304077220167,0.0635418588915544,16257,xgboost_no_lc,valid
2,0.07917633588387604,0.08802362059420557,16257,xgboost_no_lc,valid
3,0.09530866192925891,0.09983391769699207,16257,xgboost_no_lc,valid
4,0.11154585816513797,0.11970228209386725,16257,xgboost_no_lc,valid
5,0.12905564654347876,0.13711016792766192,16257,xgboost_no_lc,valid
6,0.14887968350737826,0.15863935535461648,16257,xgboost_no_lc,valid
7,0.17277765892111024,0.1833671649135757,16257,xgboost_no_lc,valid
8,0.2057501770610511,0.2152303623054684,16257,xgboost_no_lc,valid
9,0.2792929197192566,0.2692378667650858,16257,xgboost_no_lc,valid
0,0.027617254787098797,0.03285870755750274,28303,xgboost_with_lc,test
1,0.045656682950352814,0.05882768611101297,28303,xgboost_with_lc,test
2,0.061930647774457795,0.0845876616493534,28302,xgboost_with_lc,test
3,0.07784244229793506,0.10210931703353002,28303,xgboost_with_lc,test
4,0.09440964363627523,0.12645749417002333,28302,xgboost_with_lc,test
5,0.11282068235083055,0.146839557644066,28303,xgboost_with_lc,test
6,0.13428150991896767,0.17267330930676278,28302,xgboost_with_lc,test
7,0.1604280450431651,0.20739850899197965,28303,xgboost_with_lc,test
8,0.19665474454999923,0.24273902904388384,28302,xgboost_with_lc,test
9,0.27933933210681233,0.3141363106384482,28303,xgboost_with_lc,test
0,0.030754876156366375,0.03327797256566402,16257,xgboost_with_lc,valid
1,0.05259574254042197,0.05622193516638986,16257,xgboost_with_lc,valid
2,0.06966176585344662,0.08131881650981115,16257,xgboost_with_lc,valid
3,0.08568215036673425,0.0933751614689057,16257,xgboost_with_lc,valid
4,0.10236788754417146,0.11527342068032233,16257,xgboost_with_lc,valid
5,0.12108707069358886,0.13655656025096882,16257,xgboost_with_lc,valid
6,0.14263346297861781,0.15710155625269115,16257,xgboost_with_lc,valid
7,0.1691203695873335,0.18988743310573908,16257,xgboost_with_lc,valid
8,0.20522180927403263,0.22525681245002152,16257,xgboost_with_lc,valid
9,0.28483449159941787,0.284369809928031,16257,xgboost_with_lc,valid
