dimension,bucket,sort_key,n_loans,default_rate,avg_net_profit
dti_band,00-05,0.0,32763,0.10365351158318835,906.510737898577
dti_band,05-10,5.0,89302,0.10896732436003673,1082.1670965285377
dti_band,10-15,10.0,131025,0.1167563442091204,1116.7893289865733
dti_band,15-20,15.0,134440,0.1347887533472181,1074.4059028037263
dti_band,20-25,20.0,109369,0.15360842651939763,989.634499017768
dti_band,25-30,25.0,72925,0.17556393555022284,859.2614013219339
dti_band,30+,30.0,48758,0.20109520488945404,785.6088068345188
dti_band,missing,999.0,2,0.5,278.82161579059925
fico_band,<680,627.0,217789,0.18256202103871177,858.0758537389405
fico_band,680-699,682.0,168718,0.1481584656053296,1053.2390428022507
fico_band,700-719,702.0,111279,0.11273465793186495,1188.667931594823
fico_band,720-739,722.0,58422,0.08613193659922631,1147.0860768720127
fico_band,740-759,742.0,29733,0.0698550432179733,1077.2125101666086
fico_band,760+,762.0,32643,0.04729957418129461,931.7441958002083
grade,A,65.0,142911,0.05475435760718209,1002.0780291423649
grade,B,66.0,211634,0.11191963484128259,1100.3239294301138
grade,C,67.0,161809,0.17913095068877505,1002.8347322614876
grade,D,68.0,76045,0.23326977447563943,920.0214309187803
grade,E,69.0,21403,0.2856608886604682,723.7124418719585
grade,F,70.0,4263,0.32817264836969273,538.1330575852325
grade,G,71.0,519,0.3988439306358382,431.73910662841365
issue_year,2007,2007.0,251,0.17928286852589642,207.9776741080687
issue_year,2008,2008.0,1562,0.15813060179257363,373.0849716446164
issue_year,2009,2009.0,4716,0.12595419847328243,833.335080270856
issue_year,2010,2010.0,8466,0.09945665012993149,943.9730992947783
issue_year,2011,2011.0,14101,0.10630451741011276,869.1240096797518
issue_year,2012,2012.0,43470,0.13579480101219232,1183.1278586800615
issue_year,2013,2013.0,100422,0.12325984346059628,1387.0716015600533
issue_year,2014,2014.0,162570,0.13726394783785445,1110.338475888379
issue_year,2015,2015.0,283026,0.14886264866125373,813.5981575235332
purpose,debt_consolidation,-350811.0,350811,0.14572519105729295,1051.3627668402926
purpose,credit_card,-150085.0,150085,0.11605423593297132,1136.603396888874
purpose,home_improvement,-35647.0,35647,0.12374112828569024,923.9034098712842
purpose,other,-33708.0,33708,0.16105968909457696,722.7136654404794
purpose,major_purchase,-12924.0,12924,0.12403280718043949,640.5312562276059
purpose,small_business,-7404.0,7404,0.2237979470556456,731.6670280684435
purpose,medical,-6910.0,6910,0.16960926193921852,529.8010094346199
purpose,car,-6902.0,6902,0.11416980585337583,577.0460808659317
purpose,moving,-4622.0,4622,0.19061012548680226,434.5775923939124
purpose,vacation,-4312.0,4312,0.15584415584415584,403.12115556829184
purpose,house,-2576.0,2576,0.1750776397515528,901.739338080898
purpose,wedding,-1903.0,1903,0.10982658959537572,984.1393089636618
purpose,renewable_energy,-470.0,470,0.19787234042553192,455.6220007187882
purpose,educational,-310.0,310,0.15806451612903225,335.90524709019746
