operating_point,dimension,grp,n_applicants,approval_rate,default_rate_all,default_rate_approved,mean_pd_approved,approval_ratio,underprediction_pp,small_group
chosen on 2014 (approve 99%),addr_state,AK,650,0.9923076923076923,0.16307692307692306,0.15968992248062017,0.11593132113619137,0.997996597996598,0.0437586013444288,True
chosen on 2014 (approve 99%),addr_state,AL,3373,0.9893270085976875,0.17313963830418025,0.1702127659574468,0.1263819455239193,0.9949988260097955,0.04383082043352751,False
chosen on 2014 (approve 99%),addr_state,AR,2037,0.9882179675994109,0.19783996072655866,0.1927471435668157,0.126716889831956,0.9938834268731176,0.06603025373485968,False
chosen on 2014 (approve 99%),addr_state,AZ,6652,0.9900781719783524,0.15168370414912807,0.1491041603401154,0.11729432713744369,0.9957542958144281,0.03180983320267171,False
chosen on 2014 (approve 99%),addr_state,CA,41377,0.9912995142228774,0.1525968533243106,0.15032791281663702,0.11340418754666465,0.996982640021043,0.03692372526997237,False
chosen on 2014 (approve 99%),addr_state,CO,5967,0.9911178146472264,0.1191553544494721,0.11633412242137302,0.11158087888482478,0.9967998987606831,0.004753243536548241,False
chosen on 2014 (approve 99%),addr_state,CT,4221,0.9928926794598436,0.1267472162994551,0.12622285850632306,0.11050138758243008,0.9985849388834463,0.015721470923892977,False
chosen on 2014 (approve 99%),addr_state,DC,716,0.9902234636871509,0.11173184357541899,0.10860366713681241,0.09758860936811344,0.9959004204814261,0.011015057768698974,True
chosen on 2014 (approve 99%),addr_state,DE,800,0.99,0.14375,0.14015151515151514,0.11392105394278211,0.9956756756756757,0.026230461208733027,True
chosen on 2014 (approve 99%),addr_state,FL,20374,0.9871404731520566,0.16143123588887798,0.1584128878281623,0.12347488661150151,0.9927997551439193,0.03493800121666078,False
chosen on 2014 (approve 99%),addr_state,GA,9383,0.9898753064052009,0.12853032079292337,0.12607665805340224,0.11601115630934188,0.9955502672117827,0.01006550174406036,False
chosen on 2014 (approve 99%),addr_state,HI,1401,0.9842969307637401,0.13704496788008566,0.13415518491660625,0.12939187580182002,0.9899399107107886,0.004763309114786229,False
chosen on 2014 (approve 99%),addr_state,IL,11609,0.9889740718408132,0.1309328968903437,0.12812472781116627,0.11420484473078686,0.9946438658644706,0.013919883080379405,False
chosen on 2014 (approve 99%),addr_state,IN,4597,0.9895584076571677,0.1587992168805743,0.15607825895801275,0.12238805272953639,0.9952315516814103,0.03369020622847636,False
chosen on 2014 (approve 99%),addr_state,KS,2413,0.987981765437215,0.12018234562784914,0.11828859060402684,0.11752413489329222,0.9936458705625717,0.0007644557107346212,False
chosen on 2014 (approve 99%),addr_state,KY,2607,0.9865746068277714,0.1549673954737246,0.15241057542768274,0.12141024471372135,0.992230644704753,0.031000330713961397,False
chosen on 2014 (approve 99%),addr_state,LA,3294,0.98816029143898,0.17729204614450517,0.17419354838709677,0.11702694405877416,0.9938254200549282,0.057166604328322615,False
chosen on 2014 (approve 99%),addr_state,MA,6370,0.9941915227629513,0.130298273155416,0.12853308068845729,0.10373155855943272,0.999891228462657,0.02480152212902456,False
chosen on 2014 (approve 99%),addr_state,MD,6467,0.9928869645894541,0.15153858048554197,0.1493536832269117,0.10767094909870964,0.9985791912496721,0.04168273412820206,False
chosen on 2014 (approve 99%),addr_state,ME,334,0.9880239520958084,0.10479041916167664,0.10303030303030303,0.12497850949452682,0.9936882990775207,-0.021948206464223796,True
chosen on 2014 (approve 99%),addr_state,MI,7737,0.9882383352720693,0.14553444487527464,0.14255820036620456,0.12314240200321545,0.9939039113137601,0.01941579836298911,False
chosen on 2014 (approve 99%),addr_state,MN,5094,0.9921476246564586,0.14782096584216725,0.14582508903838542,0.11419553227916501,0.997835612676602,0.03162955675922041,False
chosen on 2014 (approve 99%),addr_state,MO,4378,0.988807674737323,0.1587482868889904,0.15592515592515593,0.12000302983403592,0.9944765148054322,0.03592212609112001,False
chosen on 2014 (approve 99%),addr_state,MS,1718,0.9912689173457508,0.18975552968568102,0.18672930123311804,0.13099686252511053,0.9969518677318444,0.05573243870800751,False
chosen on 2014 (approve 99%),addr_state,MT,796,0.9899497487437185,0.13442211055276382,0.13071065989847716,0.11734941913533559,0.9956251363286539,0.013361240763141574,True
chosen on 2014 (approve 99%),addr_state,NC,7644,0.989141810570382,0.15253793825222398,0.14998016135431821,0.1185635033343443,0.9948125662411377,0.03141665801997391,False
chosen on 2014 (approve 99%),addr_state,ND,311,0.9871382636655949,0.15755627009646303,0.1498371335504886,0.12210605414857305,0.992797532990459,0.027731079401915562,True
chosen on 2014 (approve 99%),addr_state,NE,754,0.9827586206896551,0.19230769230769232,0.18893387314439947,0.12606309866344156,0.9883927814962298,0.0628707744809579,True
chosen on 2014 (approve 99%),addr_state,NH,1384,0.990606936416185,0.09320809248554913,0.09044493070751276,0.10923296137849435,0.9962860916618143,-0.018788030670981587,False
chosen on 2014 (approve 99%),addr_state,NJ,10088,0.9913758921490881,0.15761300555114988,0.1553844615538446,0.10890951011413327,0.9970594558223425,0.04647495143971134,False
chosen on 2014 (approve 99%),addr_state,NM,1588,0.9899244332493703,0.1580604534005038,0.15521628498727735,0.12317749991321003,0.9955996757004314,0.03203878507406732,False
chosen on 2014 (approve 99%),addr_state,NV,4250,0.987764705882353,0.18235294117647058,0.17960933777989518,0.12599799174881085,0.9934275666040372,0.053611346031084334,False
chosen on 2014 (approve 99%),addr_state,NY,23386,0.9899512528863422,0.163815958265629,0.16163448663124702,0.11701889211530536,0.9956266490945358,0.04461559451594166,False
chosen on 2014 (approve 99%),addr_state,OH,9168,0.9888743455497382,0.156304537521815,0.1528788881535407,0.1214182111737683,0.9945435678419972,0.031460676979772395,False
chosen on 2014 (approve 99%),addr_state,OK,2596,0.9919106317411402,0.18489984591679506,0.18407766990291263,0.12107793230382563,0.9975972610795415,0.062999737599087,False
chosen on 2014 (approve 99%),addr_state,OR,3399,0.9885260370697264,0.10297146219476316,0.1,0.1198113596409149,0.9941932625074726,-0.01981135964091489,False
chosen on 2014 (approve 99%),addr_state,PA,9505,0.9887427669647554,0.15086796422935297,0.14886145988508193,0.1199505313121319,0.9944112349162323,0.028910928572950023,False
chosen on 2014 (approve 99%),addr_state,RI,1228,0.994299674267101,0.13762214983713356,0.13677313677313677,0.1106613948407303,1.0,0.026111741932406465,False
chosen on 2014 (approve 99%),addr_state,SC,3182,0.9880578252671276,0.11627906976744186,0.11259541984732824,0.12379959915911556,0.9937223664439252,-0.011204179311787327,False
chosen on 2014 (approve 99%),addr_state,SD,550,0.9854545454545455,0.17636363636363636,0.17158671586715868,0.11895861062204045,0.9911041620132529,0.052628105245118226,True
chosen on 2014 (approve 99%),addr_state,TN,4428,0.9850948509485095,0.1596657633242999,0.15589179275561668,0.1223329440374585,0.9907424053765517,0.03355884871815819,False
chosen on 2014 (approve 99%),addr_state,TX,23530,0.9911177220569486,0.14938376540586484,0.1474207795549076,0.11212098570959066,0.9967998056395847,0.03529979384531694,False
chosen on 2014 (approve 99%),addr_state,UT,1802,0.9905660377358491,0.13485016648168702,0.13277310924369748,0.11912618029069583,0.9962449585091094,0.013646928953001652,False
chosen on 2014 (approve 99%),addr_state,VA,7659,0.9925577751664708,0.1387909648779214,0.13759536963956853,0.10795473465954473,0.9982481145818396,0.029640634980023797,False
chosen on 2014 (approve 99%),addr_state,VT,588,0.9982993197278912,0.0935374149659864,0.09369676320272573,0.11703933376876012,1.004022575451147,-0.023342570566034393,True
chosen on 2014 (approve 99%),addr_state,WA,6017,0.9906930363968756,0.11367791258102045,0.11122294916960242,0.1171507537874289,0.9963726852541878,-0.005927804617826479,False
chosen on 2014 (approve 99%),addr_state,WI,3827,0.9879801411026914,0.11863078129082832,0.11690029092832584,0.11605353209851924,0.9936442369157289,0.0008467588298066014,False
chosen on 2014 (approve 99%),addr_state,WV,1182,0.9873096446700508,0.1218274111675127,0.12167952013710369,0.11787326994648119,0.992969896523196,0.003806250190622501,False
chosen on 2014 (approve 99%),addr_state,WY,595,0.9966386554621849,0.12436974789915967,0.12310286677908938,0.11279976828900146,1.0023523905876848,0.010303098490087925,True
chosen on 2014 (approve 99%),home_ownership,MORTGAGE,129762,0.9957306453353062,0.12062853531850619,0.11959785771778837,0.1000409948048204,1.0,0.019556862912967973,False
chosen on 2014 (approve 99%),home_ownership,OTHER,1,1.0,0.0,0.0,0.11065459251403809,1.0042876602067983,-0.11065459251403809,True
chosen on 2014 (approve 99%),home_ownership,OWN,31800,0.989119496855346,0.15833333333333333,0.15654606727284287,0.12282923123872813,0.993360505161781,0.03371683603411474,False
chosen on 2014 (approve 99%),home_ownership,RENT,121463,0.9841021545655879,0.17654759062430533,0.17277381788977011,0.13229420148827742,0.9883216502131433,0.040479616401492696,False
chosen on 2014 (approve 99%),income_band,1: <$40K,52432,0.9623321635642356,0.19852380225816296,0.19150960223556693,0.17778004434015907,0.9629651435707896,0.013729557895407862,False
chosen on 2014 (approve 99%),income_band,2: $40-60K,76065,0.9930454216788274,0.1596529284164859,0.15804384664266044,0.13303755771227346,0.9936986035232278,0.025006288930386977,False
chosen on 2014 (approve 99%),income_band,3: $60-80K,61434,0.9962235895432496,0.14365009603802453,0.14252802196006667,0.10461497579944933,0.996878861847464,0.037913046160617345,False
chosen on 2014 (approve 99%),income_band,4: $80-100K,37309,0.9985794312364309,0.12680586453670695,0.12623470045093407,0.08432692152497544,0.9992362531102709,0.041907778925958636,False
chosen on 2014 (approve 99%),income_band,5: $100-150K,38033,0.9993426760970736,0.11053558751610444,0.11029256998526626,0.07299402837726417,1.0,0.0372985416080021,False
chosen on 2014 (approve 99%),income_band,6: $150K+,17753,0.9990424153664169,0.10246155579338703,0.10205232295895354,0.07132439211842276,0.9996995417709675,0.030727930840530784,False
stress test (approve 80%),addr_state,AK,650,0.803076923076923,0.16307692307692306,0.13218390804597702,0.08891515507830228,0.956544502617801,0.04326875296767474,True
stress test (approve 80%),addr_state,AL,3373,0.7669730210495108,0.17313963830418025,0.13335910320834943,0.09552499184951584,0.9135411638155168,0.03783411135883359,False
stress test (approve 80%),addr_state,AR,2037,0.7604320078546882,0.19783996072655866,0.15881213686249193,0.09530526946321025,0.9057501664237778,0.06350686739928169,False
stress test (approve 80%),addr_state,AZ,6652,0.79374624173181,0.15168370414912807,0.11609848484848485,0.08980389709009394,0.9454307329528103,0.026294587758390914,False
stress test (approve 80%),addr_state,CA,41377,0.8118761630857723,0.1525968533243106,0.12032268627392612,0.08777242875718275,0.9670252727854094,0.03255025751674337,False
stress test (approve 80%),addr_state,CO,5967,0.8158203452321099,0.1191553544494721,0.08853738701725555,0.08634546888653945,0.9717231860748953,0.0021919181307161056,False
stress test (approve 80%),addr_state,CT,4221,0.8220800758114191,0.1267472162994551,0.10345821325648415,0.0856016080567522,0.9791791478905646,0.01785660519973195,False
stress test (approve 80%),addr_state,DC,716,0.8743016759776536,0.11173184357541899,0.0878594249201278,0.07926469058774341,1.0413802685074147,0.00859473433238439,True
stress test (approve 80%),addr_state,DE,800,0.81875,0.14375,0.11145038167938931,0.0898561402472831,0.9752126963350785,0.021594241432106212,True
stress test (approve 80%),addr_state,FL,20374,0.768479434573476,0.16143123588887798,0.12626940026825062,0.09286049140308297,0.9153354521752135,0.03340890886516765,False
stress test (approve 80%),addr_state,GA,9383,0.8025151870403922,0.12853032079292337,0.09349269588313414,0.08949875661745856,0.9558754191187917,0.003993939265675581,False
stress test (approve 80%),addr_state,HI,1401,0.7466095645967167,0.13704496788008566,0.0965583173996176,0.09478279900555472,0.8892862614960892,0.0017755183940628694,False
stress test (approve 80%),addr_state,IL,11609,0.810061159445258,0.1309328968903437,0.10123351765206295,0.08889803026711925,0.9648634228994565,0.012335487384943708,False
stress test (approve 80%),addr_state,IN,4597,0.7733304328910159,0.1587992168805743,0.12320675105485232,0.09223049508719462,0.9211134737314456,0.030976255967657698,False
stress test (approve 80%),addr_state,KS,2413,0.7952755905511811,0.12018234562784914,0.09015112037519542,0.09085804483901327,0.9472523395308571,-0.0007069244638178568,False
stress test (approve 80%),addr_state,KY,2607,0.7798235519754507,0.1549673954737246,0.12543039842597148,0.09253144122026145,0.9288474244733772,0.032898957205710025,False
stress test (approve 80%),addr_state,LA,3294,0.798421372191864,0.17729204614450517,0.14106463878326997,0.08990760366379251,0.9509992783960685,0.05115703511947746,False
stress test (approve 80%),addr_state,MA,6370,0.8395604395604396,0.130298273155416,0.10527299925205684,0.08051572363325948,1.0,0.024757275618797356,False
stress test (approve 80%),addr_state,MD,6467,0.8390289160352559,0.15153858048554197,0.11795060818282345,0.08574035047106184,0.9993669026074382,0.032210257711761614,False
stress test (approve 80%),addr_state,ME,334,0.7694610778443114,0.10479041916167664,0.07003891050583658,0.09055564850423818,0.9165046869611562,-0.020516737998401605,True
stress test (approve 80%),addr_state,MI,7737,0.7686441773297144,0.14553444487527464,0.10997141415839919,0.0915596253852192,0.9155316771859163,0.01841178877317999,False
stress test (approve 80%),addr_state,MN,5094,0.8127208480565371,0.14782096584216725,0.11980676328502415,0.08979690663296064,0.9680313766118439,0.030009856652063516,False
stress test (approve 80%),addr_state,MO,4378,0.7809502055733212,0.1587482868889904,0.11640830652237497,0.09064203003788071,0.9301893809839297,0.025766276484494255,False
stress test (approve 80%),addr_state,MS,1718,0.7380675203725262,0.18975552968568102,0.14905362776025236,0.09581463479206306,0.8791118370929304,0.05323899296818929,False
stress test (approve 80%),addr_state,MT,796,0.7952261306532663,0.13442211055276382,0.12322274881516587,0.08965349058204258,0.947193427872346,0.03356925823312329,True
stress test (approve 80%),addr_state,NC,7644,0.7910779696493982,0.15253793825222398,0.12088638994542748,0.09030506149116409,0.9422525554724508,0.030581328454263396,False
stress test (approve 80%),addr_state,ND,311,0.7942122186495176,0.15755627009646303,0.1214574898785425,0.09519452040615352,0.945985757815525,0.026262969472388986,True
stress test (approve 80%),addr_state,NE,754,0.76657824933687,0.19230769230769232,0.1453287197231834,0.0965919631942591,0.9130709514352771,0.0487367565289243,True
stress test (approve 80%),addr_state,NH,1384,0.8186416184971098,0.09320809248554913,0.07237422771403354,0.08283350901063351,0.9750836031837302,-0.010459281296599968,False
stress test (approve 80%),addr_state,NJ,10088,0.827716098334655,0.15761300555114988,0.12922155688622755,0.0852561008913476,0.9858922113671937,0.04396545599487996,False
stress test (approve 80%),addr_state,NM,1588,0.7777078085642317,0.1580604534005038,0.12064777327935222,0.09218563422681349,0.9263273636039933,0.028462139052538735,False
stress test (approve 80%),addr_state,NV,4250,0.7578823529411765,0.18235294117647058,0.14715926730828935,0.09464840433892535,0.9027132737911918,0.052510862969364,False
stress test (approve 80%),addr_state,NY,23386,0.799238860856923,0.163815958265629,0.12990209191589536,0.08986917218341599,0.9519729887170155,0.04003291973247937,False
stress test (approve 80%),addr_state,OH,9168,0.7777050610820244,0.156304537521815,0.11865357643758766,0.09198637368473607,0.9263240910793746,0.026667202752851588,False
stress test (approve 80%),addr_state,OK,2596,0.7962249614791987,0.18489984591679506,0.14997581035316884,0.09397142101034169,0.948383134746166,0.05600438934282716,False
stress test (approve 80%),addr_state,OR,3399,0.7769932333039129,0.10297146219476316,0.07232109049602424,0.08973460183071592,0.9254762333855507,-0.017413511334691684,False
stress test (approve 80%),addr_state,PA,9505,0.7860073645449763,0.15086796422935297,0.12006424842725204,0.09162763200156523,0.9362129603873409,0.028436616425686803,False
stress test (approve 80%),addr_state,RI,1228,0.8306188925081434,0.13762214983713356,0.10980392156862745,0.08787529809108259,0.9893497279874482,0.02192862347754486,False
stress test (approve 80%),addr_state,SC,3182,0.7677561282212445,0.11627906976744186,0.08350388866148178,0.09290479168347707,0.914473922357765,-0.009400903021995283,False
stress test (approve 80%),addr_state,SD,550,0.7981818181818182,0.17636363636363636,0.13211845102505695,0.09514508955604938,0.9507139457401238,0.03697336146900758,True
stress test (approve 80%),addr_state,TN,4428,0.7719060523938572,0.1596657633242999,0.11556465769455822,0.09227643241711296,0.9194168948670289,0.023288225277445257,False
stress test (approve 80%),addr_state,TX,23530,0.8217169570760731,0.14938376540586484,0.12169640548228601,0.08821905086251453,0.9787466373550084,0.033477354619771485,False
stress test (approve 80%),addr_state,UT,1802,0.802441731409545,0.13485016648168702,0.09336099585062241,0.09222039100192332,0.9557879261553481,0.0011406048486990866,False
stress test (approve 80%),addr_state,VA,7659,0.8378378378378378,0.1387909648779214,0.11282530777621942,0.08555921504665291,0.9979482099900948,0.02726609272956651,False
stress test (approve 80%),addr_state,VT,588,0.7840136054421769,0.0935374149659864,0.07592190889370933,0.0878005789637307,0.9338381949638495,-0.011878670070021372,True
stress test (approve 80%),addr_state,WA,6017,0.7957453880671431,0.11367791258102045,0.08709273182957393,0.08982985366622893,0.9478119151061521,-0.0027371218366550043,False
stress test (approve 80%),addr_state,WI,3827,0.7969689051476352,0.11863078129082832,0.08918032786885247,0.08899336432076257,0.9492692456601414,0.00018696354808989124,False
stress test (approve 80%),addr_state,WV,1182,0.7834179357021996,0.1218274111675127,0.08315334773218143,0.08813922732392604,0.9331286930484315,-0.00498587959174461,False
stress test (approve 80%),addr_state,WY,595,0.8470588235294118,0.12436974789915967,0.09523809523809523,0.09135605963797028,1.0089313212195872,0.0038820356001249556,True
stress test (approve 80%),home_ownership,MORTGAGE,129762,0.8700775265486044,0.12062853531850619,0.09970505655297025,0.08201831062140931,1.0,0.017686745931560943,False
stress test (approve 80%),home_ownership,OTHER,1,1.0,0.0,0.0,0.11065459251403809,1.1493228700743117,-0.11065459251403809,True
stress test (approve 80%),home_ownership,OWN,31800,0.7697484276729559,0.15833333333333333,0.12570471443745404,0.09148064674255986,0.8846894721282703,0.03422406769489418,False
stress test (approve 80%),home_ownership,RENT,121463,0.7330462774672123,0.17654759062430533,0.13518946966463757,0.09811901233975646,0.8425068515159065,0.03707045732488111,False
stress test (approve 80%),income_band,1: <$40K,52432,0.5078959414098261,0.19852380225816296,0.13206909500563274,0.1221201687835792,0.5284457607824018,0.009948926222053539,False
stress test (approve 80%),income_band,2: $40-60K,76065,0.7567869585223165,0.1596529284164859,0.12278294102319118,0.10470008797169283,0.7874070797581458,0.018082853051498343,False
stress test (approve 80%),income_band,3: $60-80K,61434,0.8746134062571215,0.14365009603802453,0.12067521542498744,0.0884864546951168,0.9100008666678641,0.03218876072987063,False
stress test (approve 80%),income_band,4: $80-100K,37309,0.9375753839556139,0.12680586453670695,0.11383647798742139,0.07561207344379327,0.9755103293205631,0.03822440454362812,False
stress test (approve 80%),income_band,5: $100-150K,38033,0.9611127179028738,0.11053558751610444,0.10209552990096843,0.06727961441174328,1.0,0.03481591548922515,False
stress test (approve 80%),income_band,6: $150K+,17753,0.9553314932687433,0.10246155579338703,0.0936320754716981,0.06473892453194702,0.9939848630379744,0.02889315093975109,False
