feature,coef_per_sd,odds_ratio
cat__purpose_small_business,0.6005367901074161,1.8230971583000268
cat__purpose_credit_card,-0.38584423393915906,0.6798764191044687
num__fico_mid,-0.3519313162728744,0.7033284275352155
cat__purpose_debt_consolidation,-0.19619363746927518,0.8218530777192229
num__inq_last_6mths,0.18903208254132028,1.208079710128395
cat__purpose_major_purchase,-0.18056181236473431,0.8348010780734014
log__annual_inc,-0.172240181460619,0.841776969664616
cat__purpose_wedding,-0.1681694601581709,0.8452105930273425
cat__purpose_medical,0.16655844228261227,1.1812325677807198
cat__purpose_car,-0.16272570375362214,0.8498242600524044
num__loan_to_income,0.1404157374957664,1.1507521102249059
log__revol_bal,-0.12856510326282844,0.879356311589755
cat__purpose_other,0.12419676574040454,1.1322386348556108
num__revol_util,0.1171654255706305,1.1243054031706106
num__open_acc,0.10871782452722155,1.1148477232701244
num__dti,0.10488593309283055,1.110583922257219
cat__purpose_renewable_energy,0.08107737375123464,1.0844548016567412
cat__home_ownership_MORTGAGE,-0.07842230989679316,0.9245738873821091
cat__purpose_moving,0.07749377443242896,1.080575505241796
num__total_acc,-0.0719298680301214,0.9305961580644203
num__missingindicator_emp_length_yrs,0.07153776567938945,1.0741587162690078
cat__purpose_vacation,0.06901963869384456,1.0714572509626479
cat__purpose_home_improvement,-0.06020724089036201,0.9415693816862224
cat__home_ownership_OWN,-0.058871261738578734,0.9428281393999205
num__loan_amnt,0.0572956131231574,1.0589688092069587
cat__home_ownership_RENT,0.056141050169182305,1.0577468685898561
cat__home_ownership_OTHER,0.04780231161383107,1.0489632669706135
num__mort_acc,-0.04363651233534956,0.9573018616578358
cat__verification_status_Verified,-0.03638973954042283,0.9642644082718903
num__emp_length_yrs,0.03457638861825625,1.0351811014099177
cat__purpose_educational,0.03285095981814354,1.0333965101595255
cat__purpose_house,-0.0313818661031217,0.9691054338931653
num__pub_rec_bankruptcies,-0.025724975293121777,0.9746030926832143
num__missingindicator_pub_rec_bankruptcies,0.02295266844546489,1.0232181078973785
num__missingindicator_mort_acc,0.015059070754009099,1.0151730298809296
cat__verification_status_Source Verified,0.014360576922129883,1.0144641853718463
cat__verification_status_Not Verified,-0.011321047234069744,0.9887427946749627
num__delinq_2yrs,-0.010639762856991157,0.9894166392077365
num__pub_rec,-0.004257668493017514,0.9957513825275094
num__credit_history_months,0.0034111274894084256,1.0034169520056224
num__missingindicator_revol_util,0.002869849530931789,1.002873971491289
