issue_year,term_months,n_loans,n_unfinished,share_unfinished,default_rate_among_finished
2007,36,603,0.0,0.0,0.262
2008,36,2393,0.0,0.0,0.2073
2009,36,5281,0.0,0.0,0.1369
2010,36,9156,0.0,0.0,0.1092
2011,36,14101,0.0,0.0,0.1063
2012,36,43470,0.0,0.0,0.1358
2013,36,100422,0.0,0.0,0.1233
2014,36,162570,0.0,0.0,0.1373
2015,36,283173,147.0,0.0005,0.1489
2016,36,323495,91142.0,0.2817,0.1985
2017,36,320419,191881.0,0.5988,0.2001
2018,36,344671,303403.0,0.8803,0.1324
2010,60,3381,0.0,0.0,0.2239
2011,60,7620,0.0,0.0,0.236
2012,60,9897,0.0,0.0,0.277
2013,60,34392,10.0,0.0003,0.2515
2014,60,73059,12527.0,0.1715,0.3113
2015,60,137922,45403.0,0.3292,0.3639
2016,60,110912,50170.0,0.4523,0.3643
2017,60,123160,82398.0,0.669,0.3294
2018,60,150571,135528.0,0.9001,0.2262
