,missing_share,n_missing
emp_length_yrs,0.058422138302962896,36139
mort_acc,0.05677644426625972,35121
pub_rec_bankruptcies,0.0011267669386857727,697
revol_util,0.0005609585763614966,347
loan_to_income,3.2331906418530063e-06,2
dti,3.2331906418530063e-06,2
payment_to_income,3.2331906418530063e-06,2
int_rate,0.0,0
sub_grade_num,0.0,0
sub_grade,0.0,0
grade,0.0,0
purpose,0.0,0
verification_status,0.0,0
home_ownership,0.0,0
installment,0.0,0
loan_amnt,0.0,0
total_acc,0.0,0
revol_bal,0.0,0
pub_rec,0.0,0
open_acc,0.0,0
inq_last_6mths,0.0,0
fico_mid,0.0,0
credit_history_months,0.0,0
delinq_2yrs,0.0,0
annual_inc,0.0,0
zip3,0.0,0
