model,split,roc_auc,pr_auc,ks,brier,brier_skill,mean_pd,actual_default_rate
lc_subgrade_lookup,valid,0.6591577884694241,0.21466059642547766,0.23649949937141557,0.11425713558284982,0.03517421852241731,0.1296060388241503,0.13726394783785445
logistic_no_lc,valid,0.6551659248930678,0.21960012688677205,0.22478643517437547,0.11429735967669231,0.03483455271005609,0.1310555005075234,0.13726394783785445
xgboost_no_lc,valid,0.6630863973291885,0.22480700872953535,0.23808862179928936,0.11386602118660205,0.038476920371907086,0.1321273900645852,0.13726394783785445
logistic_with_lc,valid,0.6734394876755843,0.23500227431612275,0.25457029777226364,0.11339792160120185,0.0424297111187536,0.12362081742247316,0.13726394783785445
xgboost_with_lc,valid,0.6795882048424441,0.23775761118929148,0.2623795908756284,0.11291936834539382,0.04647077618360318,0.12639596265941314,0.13726394783785445
lc_subgrade_lookup,test,0.6783861790772441,0.24877605350144275,0.2619420392116362,0.12163899922288265,0.03996415898899386,0.12417083612974475,0.14886264866125373
logistic_no_lc,test,0.6574169937393665,0.23759885221743005,0.22700787757003626,0.12229398868852874,0.034794654417908966,0.12773274696540846,0.14886264866125373
xgboost_no_lc,test,0.6650197129135061,0.24471023066972558,0.23998842586311397,0.12163146859440219,0.04002359447673032,0.13039611268330564,0.14886264866125373
logistic_with_lc,test,0.6811724883111305,0.2580255268591227,0.2625160344223038,0.12177521064976211,0.03888911025795394,0.11323110839925021,0.14886264866125373
xgboost_with_lc,test,0.6867311419874889,0.26189074618283875,0.27170681478652375,0.12072612650080496,0.047169007245514316,0.1190980600852225,0.14886264866125373
