feature,gain_share,psi_train_vs_valid,psi_train_vs_test,flag_test
score,,0.004415870936592092,0.0256301100635344,stable
sub_grade_num,0.1955223222733166,0.02561041224819373,0.03015822726930538,stable
int_rate,0.1496278569031348,0.027026733777671307,0.21536664049393048,moderate shift
annual_inc,0.1172484449261288,0.005014917311520179,0.01056051750309161,stable
payment_to_income,0.0513416561264975,0.004139971872228451,0.00480138344911149,stable
revol_bal,0.04696857033538,0.009134813896825082,0.011067920138178592,stable
credit_history_months,0.045472735729913,0.046306398675576975,0.05570584750976165,stable
dti,0.0448954937316185,0.03473858948434039,0.08437331520997195,stable
fico_mid,0.0412389113358359,0.07335385152284432,0.05596713941178467,stable
purpose,0.0386311347737971,0.07622818587794455,0.07512581964521045,stable
revol_util,0.0366526886284441,0.02476733747000944,0.03658186388115096,stable
emp_length_yrs,0.0329808360486725,0.018234666426576958,0.032181021267258275,stable
loan_to_income,0.0307549503674449,0.002904575814361269,0.004012147315807815,stable
mort_acc,0.0272244101033533,1.5943472755134556,1.5997894080180666,major shift
inq_last_6mths,0.0268123184402212,0.0026570453372099048,0.04558853625335056,stable
installment,0.0242275197629413,0.014811844029408595,0.020717202718257464,stable
total_acc,0.0239058852292211,0.02401003357750461,0.008993610492202824,stable
loan_amnt,0.0210670295639854,0.013868832410551743,0.022944399060659187,stable
open_acc,0.0208488524816424,0.026682562536305347,0.04026122463725921,stable
home_ownership,0.0086450091266884,0.005884989109112927,0.011008399695736236,stable
verification_status,0.0069760187893101,0.12257667801538559,0.1967986179170297,moderate shift
pub_rec_bankruptcies,0.0042559304150025,0.014539103467638124,0.014539103467638124,stable
delinq_2yrs,0.0030525857393518,0.016739964092383416,0.01614951697786703,stable
pub_rec,0.0016488391680974,0.0,0.0,stable
