decile,n,mean_pd,default_rate,avg_profit,total_profit,cof_rate,split
1,16257,0.030754876156366375,0.03327797256566402,1191.9242209041936,19377112.059239477,0.0,valid
2,16257,0.05259574254042197,0.05622193516638986,1341.0168519482786,21800910.962123167,0.0,valid
3,16257,0.06966176585344662,0.08131881650981115,1262.1084294413326,20518096.737427745,0.0,valid
4,16257,0.08568215036673425,0.0933751614689057,1316.0153982847116,21394462.32991456,0.0,valid
5,16257,0.10236788754417146,0.11527342068032233,1274.7150292771944,20723042.23095935,0.0,valid
6,16257,0.12108707069358886,0.13655656025096882,1195.5779338838013,19436510.471148957,0.0,valid
7,16257,0.14263346297861781,0.15710155625269115,1022.8887124130285,16629101.797698606,0.0,valid
8,16257,0.1691203695873335,0.18988743310573908,963.6955827339489,15666799.088505806,0.0,valid
9,16257,0.20522180927403263,0.22525681245002152,844.337689351819,13726397.815792521,0.0,valid
10,16257,0.28483449159941787,0.284369809928031,691.1049106454889,11235292.532363713,0.0,valid
1,16257,0.030754876156366375,0.03327797256566402,533.9130775351834,8679824.901489478,0.04,valid
2,16257,0.05259574254042197,0.05622193516638986,701.7854644331571,11408926.295289835,0.04,valid
3,16257,0.06966176585344662,0.08131881650981115,670.9814184388925,10908144.919561077,0.04,valid
4,16257,0.08568215036673425,0.0933751614689057,749.3034181346226,12181425.668614559,0.04,valid
5,16257,0.10236788754417146,0.11527342068032233,729.0056526363628,11851444.89490935,0.04,valid
6,16257,0.12108707069358886,0.13655656025096882,673.2215949200729,10944563.468615625,0.04,valid
7,16257,0.14263346297861781,0.15710155625269115,533.9052461769456,8679697.587098606,0.04,valid
8,16257,0.1691203695873335,0.18988743310573908,477.33895443844534,7760099.382305806,0.04,valid
9,16257,0.20522180927403263,0.22525681245002152,356.3918447515442,5793862.220125855,0.04,valid
10,16257,0.28483449159941787,0.284369809928031,173.4065775366742,2819070.7310137125,0.04,valid
1,28303,0.027617254787098797,0.03285870755750274,1116.645292878789,31604411.724348366,0.0,test
2,28303,0.045656682950352814,0.05882768611101297,1091.6531283176248,30897058.490773734,0.0,test
3,28302,0.061930647774457795,0.0845876616493534,1026.9861097488954,29065760.87811324,0.0,test
4,28303,0.07784244229793506,0.10210931703353002,994.3278939269383,28142462.381814133,0.0,test
5,28302,0.09440964363627523,0.12645749417002333,928.4635301069308,26277374.829086356,0.0,test
6,28303,0.11282068235083055,0.146839557644066,847.4730399500709,23986029.449706856,0.0,test
7,28302,0.13428150991896767,0.17267330930676278,774.2963531461829,21914135.38674327,0.0,test
8,28303,0.1604280450431651,0.20739850899197965,633.3985420163575,17927078.934688967,0.0,test
9,28302,0.19665474454999923,0.24273902904388384,504.5863170906899,14280801.946300704,0.0,test
10,28303,0.27933933210681233,0.3141363106384482,218.15065928274592,6174318.109679557,0.0,test
1,28303,0.027617254787098797,0.03285870755750274,424.2051364519085,12006277.976998366,0.04,test
2,28303,0.045656682950352814,0.05882768611101297,428.8825880421533,12138663.889357066,0.04,test
3,28302,0.061930647774457795,0.0845876616493534,418.2910591111314,11838473.55496324,0.04,test
4,28303,0.07784244229793506,0.10210931703353002,426.28603857709305,12065173.749847464,0.04,test
5,28302,0.09440964363627523,0.12645749417002333,383.5006477046271,10853835.331336357,0.04,test
6,28303,0.11282068235083055,0.146839557644066,325.32640155131463,9207713.143106857,0.04,test
7,28302,0.13428150991896767,0.17267330930676278,267.59934250323664,7573596.591526603,0.04,test
8,28303,0.1604280450431651,0.20739850899197965,142.38381181166778,4029889.025705633,0.04,test
9,28302,0.19665474454999923,0.24273902904388384,4.6949307646351395,132875.93050070372,0.04,test
10,28303,0.27933933210681233,0.3141363106384482,-324.86549450896047,-9194668.091087108,0.04,test
