target_approval,pd_cutoff,approval_rate,n_approved,default_rate,dollar_loss,total_profit,profit_per_loan,split,model,cof_rate
0.5,0.11141537874937057,0.5,81285,0.07589346127821861,28768949.996728424,103813624.3196643,1277.1559859711422,valid,xgboost_with_lc,0.0
0.51,0.1132754385471344,0.5100018453589223,82911,0.07697410476293857,29663735.533328302,105759855.42166823,1275.582919295006,valid,xgboost_with_lc,0.0
0.52,0.11510240286588669,0.5199975395214369,84536,0.07796678338222769,30654120.041328233,107649097.65028617,1273.411299922946,valid,xgboost_with_lc,0.0
0.53,0.11700310558080673,0.5299993848803592,86162,0.07893270815440681,31597469.68572821,109652114.35074037,1272.6273107720383,valid,xgboost_with_lc,0.0
0.54,0.11898098886013031,0.5400012302392816,87788,0.07980589602223538,32396583.496028185,111774862.4586826,1273.2362334109741,valid,xgboost_with_lc,0.0
0.55,0.12098687887191772,0.5500030755982038,89414,0.08102757957366856,33320814.389013477,113641825.17723222,1270.9623233188563,valid,xgboost_with_lc,0.0
0.56,0.12296497821807861,0.5599987697607185,91039,0.08205274662507277,34284126.52049473,115585695.57869324,1269.6283524499747,valid,xgboost_with_lc,0.0
0.57,0.1250154823064804,0.5700006151196407,92665,0.08311660281659743,35222166.70089481,117446306.36717573,1267.4289793036824,valid,xgboost_with_lc,0.0
0.58,0.1270616054534912,0.5800024604785631,94291,0.08386802558038413,36110998.43039476,119491968.78355412,1267.2680190426884,valid,xgboost_with_lc,0.0
0.59,0.1292269229888916,0.5899981546410777,95916,0.08484507277200884,36998127.060694784,121476924.6937392,1266.4928134382085,valid,xgboost_with_lc,0.0
0.6,0.13124796748161316,0.6,97542,0.08600397777367698,38012182.27229467,123250134.79081325,1263.5596439565854,valid,xgboost_with_lc,0.0
0.61,0.13343766331672668,0.6100018453589223,99168,0.08706437560503388,39029881.294894725,125000879.98420608,1260.4961276238917,valid,xgboost_with_lc,0.0
0.62,0.13553768396377563,0.6199975395214369,100793,0.08820056948399195,40240811.52219464,126577030.19288486,1255.8117150286712,valid,xgboost_with_lc,0.0
0.63,0.13787899911403656,0.6299993848803592,102419,0.08904597779708844,41187259.37559466,128472767.72072804,1254.3841252182508,valid,xgboost_with_lc,0.0
0.64,0.14012691378593445,0.6400012302392816,104045,0.09000913066461627,42224816.10809464,130227769.94700138,1251.6485169590214,valid,xgboost_with_lc,0.0
0.65,0.14237336814403534,0.6499969244017961,105670,0.09095296678338223,43317661.85182119,131901686.47911553,1248.2415678916961,valid,xgboost_with_lc,0.0
0.66,0.1447378247976303,0.6599987697607185,107296,0.09200715776916195,44392804.12722108,133532643.96635312,1244.5258347594795,valid,xgboost_with_lc,0.0
0.67,0.1472451388835907,0.6700006151196408,108922,0.09293806577183673,45506190.197321095,135169113.81844163,1240.971647770346,valid,xgboost_with_lc,0.0
0.68,0.14967016875743866,0.680002460478563,110548,0.09414010203712414,46791950.411721185,136764470.71809453,1237.1501132367346,valid,xgboost_with_lc,0.0
0.69,0.15233337879180908,0.6899981546410777,112173,0.09505852567017019,47873694.9120212,138422999.34614807,1234.0135268393292,valid,xgboost_with_lc,0.0
0.7,0.15484625101089478,0.7,113799,0.09616077469925043,49128669.2574251,139879236.58851188,1229.178082307506,valid,xgboost_with_lc,0.0
0.71,0.15748722851276398,0.7100018453589223,115425,0.09712800519818064,50365756.98802513,141528288.2935902,1226.1493462732526,valid,xgboost_with_lc,0.0
0.72,0.16019608080387115,0.719997539521437,117050,0.09820589491670226,51455014.05342521,143234513.26090717,1223.7036587860503,valid,xgboost_with_lc,0.0
0.73,0.16305989027023315,0.7299993848803592,118676,0.09939667666588022,52649953.94462523,144739540.10486552,1219.6193004892777,valid,xgboost_with_lc,0.0
0.74,0.16594178974628448,0.7400012302392815,120302,0.10067164303170355,53857833.195876434,146290743.8635854,1216.029192063186,valid,xgboost_with_lc,0.0
0.75,0.1688324213027954,0.7500030755982039,121928,0.10162554950462568,54983026.07228614,148026829.3122295,1214.0511557003274,valid,xgboost_with_lc,0.0
0.76,0.17177388072013855,0.7599987697607185,123553,0.10286273906744474,56270583.71448627,149642259.93803883,1211.1584497182491,valid,xgboost_with_lc,0.0
0.77,0.17484687268733978,0.7700006151196408,125179,0.10411490745252798,57531930.551486254,151169226.11718667,1207.6244906668585,valid,xgboost_with_lc,0.0
0.78,0.1779375672340393,0.780002460478563,126805,0.10539805212728205,58881257.08698624,152612644.67320892,1203.5222954395247,valid,xgboost_with_lc,0.0
0.79,0.18131203949451447,0.7899981546410777,128430,0.10662617768434167,60151363.026606575,154066896.5704752,1199.6176638672832,valid,xgboost_with_lc,0.0
0.8,0.18472450971603394,0.8,130056,0.1078766070000615,61485120.007706575,155546035.6770177,1195.9927698608114,valid,xgboost_with_lc,0.0
0.81,0.18822062015533447,0.8100018453589223,131682,0.10912653210005924,62725565.95950657,157064107.21778613,1192.7530506658932,valid,xgboost_with_lc,0.0
0.82,0.191888228058815,0.819997539521437,133307,0.1103317905286294,64073875.12900651,158519810.19531363,1189.1334303173398,valid,xgboost_with_lc,0.0
0.83,0.19582650065422058,0.8299993848803592,134933,0.1115071924584794,65445937.254566595,159990661.86520502,1185.7044745555575,valid,xgboost_with_lc,0.0
0.84,0.19978372752666473,0.8400012302392815,136559,0.11283767455824954,66830977.5009819,161496277.26504803,1182.611744850563,valid,xgboost_with_lc,0.0
0.85,0.20406575500965118,0.8499969244017962,138184,0.11407977768772072,68419859.25008194,162871609.5292227,1178.657511211303,valid,xgboost_with_lc,0.0
0.86,0.20874516665935516,0.8599987697607184,139810,0.115463843787998,69927588.37167484,164127003.81224942,1173.9289307792678,valid,xgboost_with_lc,0.0
0.87,0.21368828415870667,0.8700006151196408,141436,0.11677366441358636,71508450.90532026,165396218.7416588,1169.406789937914,valid,xgboost_with_lc,0.0
0.88,0.21874594688415527,0.8800024604785631,143062,0.11806070095483077,73043736.87750153,166779007.53765708,1165.7813223473536,valid,xgboost_with_lc,0.0
0.89,0.22422859072685242,0.8899981546410777,144687,0.11949933304305155,74702958.7543014,168014168.7972979,1161.2250499167021,valid,xgboost_with_lc,0.0
0.9,0.23016437888145447,0.9,146313,0.12091885205005706,76438984.1152015,169272433.4928102,1156.91998313759,valid,xgboost_with_lc,0.0
0.91,0.23688827455043793,0.9100018453589223,147939,0.1222192930870156,78115909.52280137,170671768.2220204,1153.6631194074612,valid,xgboost_with_lc,0.0
0.92,0.2438935935497284,0.9199975395214369,149564,0.12365943676285737,79772266.9533014,171978759.158972,1149.8673421342837,valid,xgboost_with_lc,0.0
0.93,0.25222426652908325,0.9299993848803593,151190,0.12518023678814735,81492551.55156207,173274116.55780596,1146.068632567008,valid,xgboost_with_lc,0.0
0.94,0.2613876163959503,0.9400012302392815,152816,0.12667521725473774,83491828.95606217,174347998.17568216,1140.9014643472028,valid,xgboost_with_lc,0.0
0.95,0.2721031904220581,0.9500030755982038,154442,0.12826821719480452,85447730.74244307,175540159.06914103,1136.6089474957655,valid,xgboost_with_lc,0.0
0.96,0.2845478057861328,0.9599987697607184,156067,0.12977759551987286,87433047.78264284,176687177.32288012,1132.1238783527594,valid,xgboost_with_lc,0.0
0.97,0.2994811534881592,0.9700006151196408,157693,0.13135649648367398,89564519.12254296,177860151.74520984,1127.8886935070666,valid,xgboost_with_lc,0.0
0.98,0.3195028007030487,0.9800024604785631,159319,0.1332986021755095,91808061.09868611,178766240.8384805,1122.0647935179138,valid,xgboost_with_lc,0.0
0.99,0.35056376457214355,0.9899981546410777,160944,0.1351277462968486,94059338.47351846,179838788.57040018,1117.3997699224585,valid,xgboost_with_lc,0.0
1.0,0.6187079548835754,1.0,162570,0.13726394783785445,96816084.34741831,180507726.0251739,1110.33847588838,valid,xgboost_with_lc,0.0
0.5,0.11141537874937057,0.5,81285,0.07589346127821861,28768949.996728424,55029766.6798643,676.9978062356438,valid,xgboost_with_lc,0.04
0.51,0.1132754385471344,0.5100018453589223,82911,0.07697410476293857,29663735.533328302,56121565.77211824,676.8892640556529,valid,xgboost_with_lc,0.04
0.52,0.11510240286588669,0.5199975395214369,84536,0.07796678338222769,30654120.041328233,57142840.78663616,675.9586541430415,valid,xgboost_with_lc,0.04
0.53,0.11700310558080673,0.5299993848803592,86162,0.07893270815440681,31597469.68572821,58284413.89602371,676.4514971335823,valid,xgboost_with_lc,0.04
0.54,0.11898098886013031,0.5400012302392816,87788,0.07980589602223538,32396583.496028185,59539036.1456826,678.2138349852213,valid,xgboost_with_lc,0.04
0.55,0.12098687887191772,0.5500030755982038,89414,0.08102757957366856,33320814.389013477,60561290.4000989,677.3132887478348,valid,xgboost_with_lc,0.04
0.56,0.12296497821807861,0.5599987697607185,91039,0.08205274662507277,34284126.52049473,61647101.93894325,677.1504733020272,valid,xgboost_with_lc,0.04
0.57,0.1250154823064804,0.5700006151196407,92665,0.08311660281659743,35222166.70089481,62670289.88785906,676.310256168554,valid,xgboost_with_lc,0.04
0.58,0.1270616054534912,0.5800024604785631,94291,0.08386802558038413,36110998.43039476,63873049.961387455,677.4034633357103,valid,xgboost_with_lc,0.04
0.59,0.1292269229888916,0.5899981546410777,95916,0.08484507277200884,36998127.060694784,65020034.52527253,677.8851758337768,valid,xgboost_with_lc,0.04
0.6,0.13124796748161316,0.6,97542,0.08600397777367698,38012182.27229467,65974330.14847992,676.3684376830486,valid,xgboost_with_lc,0.04
0.61,0.13343766331672668,0.6100018453589223,99168,0.08706437560503388,39029881.294894725,66914094.34323943,674.7549042356347,valid,xgboost_with_lc,0.04
0.62,0.13553768396377563,0.6199975395214369,100793,0.08820056948399195,40240811.52219464,67665790.28626819,671.3342224784279,valid,xgboost_with_lc,0.04
0.63,0.13787899911403656,0.6299993848803592,102419,0.08904597779708844,41187259.37559466,68764544.83499473,671.4041812065607,valid,xgboost_with_lc,0.04
0.64,0.14012691378593445,0.6400012302392816,104045,0.09000913066461627,42224816.10809464,69718054.38590139,670.0759708385929,valid,xgboost_with_lc,0.04
0.65,0.14237336814403534,0.6499969244017961,105670,0.09095296678338223,43317661.85182119,70604104.78629887,668.1565703255311,valid,xgboost_with_lc,0.04
0.66,0.1447378247976303,0.6599987697607185,107296,0.09200715776916195,44392804.12722108,71467128.05821979,666.0744860779506,valid,xgboost_with_lc,0.04
0.67,0.1472451388835907,0.6700006151196408,108922,0.09293806577183673,45506190.197321095,72324349.53752497,664.0012994392773,valid,xgboost_with_lc,0.04
0.68,0.14967016875743866,0.680002460478563,110548,0.09414010203712414,46791950.411721185,73093121.35634454,661.1889980492142,valid,xgboost_with_lc,0.04
0.69,0.15233337879180908,0.6899981546410777,112173,0.09505852567017019,47873694.9120212,73966415.26931474,659.3958908945534,valid,xgboost_with_lc,0.04
0.7,0.15484625101089478,0.7,113799,0.09616077469925043,49128669.2574251,74654027.73557854,656.0165531821768,valid,xgboost_with_lc,0.04
0.71,0.15748722851276398,0.7100018453589223,115425,0.09712800519818064,50365756.98802513,75492474.00412351,654.0391943177259,valid,xgboost_with_lc,0.04
0.72,0.16019608080387115,0.719997539521437,117050,0.09820589491670226,51455014.05342521,76412179.21329051,652.8165673924863,valid,xgboost_with_lc,0.04
0.73,0.16305989027023315,0.7299993848803592,118676,0.09939667666588022,52649953.94462523,77145408.81001554,650.0506320571602,valid,xgboost_with_lc,0.04
0.74,0.16594178974628448,0.7400012302392815,120302,0.10067164303170355,53857833.195876434,77911961.77975208,647.6364630658849,valid,xgboost_with_lc,0.04
0.75,0.1688324213027954,0.7500030755982039,121928,0.10162554950462568,54983026.07228614,78842589.08121285,646.6323492652455,valid,xgboost_with_lc,0.04
0.76,0.17177388072013855,0.7599987697607185,123553,0.10286273906744474,56270583.71448627,79629653.16338882,644.4979333839633,valid,xgboost_with_lc,0.04
0.77,0.17484687268733978,0.7700006151196408,125179,0.10411490745252798,57531930.551486254,80371349.68472,642.0513799017407,valid,xgboost_with_lc,0.04
0.78,0.1779375672340393,0.780002460478563,126805,0.10539805212728205,58881257.08698624,81041082.03609225,639.1000515444364,valid,xgboost_with_lc,0.04
0.79,0.18131203949451447,0.7899981546410777,128430,0.10662617768434167,60151363.026606575,81734806.99892521,636.415222291717,valid,xgboost_with_lc,0.04
0.8,0.18472450971603394,0.8,130056,0.1078766070000615,61485120.007706575,82414127.11788434,633.6818533392103,valid,xgboost_with_lc,0.04
0.81,0.18822062015533447,0.8100018453589223,131682,0.10912653210005924,62725565.95950657,83158634.45461945,631.5110224223466,valid,xgboost_with_lc,0.04
0.82,0.191888228058815,0.819997539521437,133307,0.1103317905286294,64073875.12900651,83842411.33303028,628.9423011021948,valid,xgboost_with_lc,0.04
0.83,0.19582650065422058,0.8299993848803592,134933,0.1115071924584794,65445937.254566595,84525905.93690503,626.4287160064997,valid,xgboost_with_lc,0.04
0.84,0.19978372752666473,0.8400012302392815,136559,0.11283767455824954,66830977.5009819,85235789.84034804,624.1682338062525,valid,xgboost_with_lc,0.04
0.85,0.20406575500965118,0.8499969244017962,138184,0.11407977768772072,68419859.25008194,85804642.79190603,620.9448473912032,valid,xgboost_with_lc,0.04
0.86,0.20874516665935516,0.8599987697607184,139810,0.115463843787998,69927588.37167484,86275200.97683276,617.0889133597938,valid,xgboost_with_lc,0.04
0.87,0.21368828415870667,0.8700006151196408,141436,0.11677366441358636,71508450.90532026,86757474.03402549,613.4044658645995,valid,xgboost_with_lc,0.04
0.88,0.21874594688415527,0.8800024604785631,143062,0.11806070095483077,73043736.87750153,87346058.18255708,610.5468830476093,valid,xgboost_with_lc,0.04
0.89,0.22422859072685242,0.8899981546410777,144687,0.11949933304305155,74702958.7543014,87780472.74506456,606.692188966974,valid,xgboost_with_lc,0.04
0.9,0.23016437888145447,0.9,146313,0.12091885205005706,76438984.1152015,88207989.33801019,602.8718523850252,valid,xgboost_with_lc,0.04
0.91,0.23688827455043793,0.9100018453589223,147939,0.1222192930870156,78115909.52280137,88779090.81135373,600.1060627106694,valid,xgboost_with_lc,0.04
0.92,0.2438935935497284,0.9199975395214369,149564,0.12365943676285737,79772266.9533014,89287313.98675534,596.9839933858103,valid,xgboost_with_lc,0.04
0.93,0.25222426652908325,0.9299993848803593,151190,0.12518023678814735,81492551.55156207,89772244.63675596,593.7710472700309,valid,xgboost_with_lc,0.04
0.94,0.2613876163959503,0.9400012302392815,152816,0.12667521725473774,83491828.95606217,90009676.34446548,589.0068863500254,valid,xgboost_with_lc,0.04
0.95,0.2721031904220581,0.9500030755982038,154442,0.12826821719480452,85447730.74244307,90362177.28072438,585.0881060898225,valid,xgboost_with_lc,0.04
0.96,0.2845478057861328,0.9599987697607184,156067,0.12977759551987286,87433047.78264284,90680269.3727468,581.0342312772514,valid,xgboost_with_lc,0.04
0.97,0.2994811534881592,0.9700006151196408,157693,0.13135649648367398,89564519.12254296,90998932.2854932,577.0638664081043,valid,xgboost_with_lc,0.04
0.98,0.3195028007030487,0.9800024604785631,159319,0.1332986021755095,91808061.09868611,91050476.0335305,571.4979132026343,valid,xgboost_with_lc,0.04
0.99,0.35056376457214355,0.9899981546410777,160944,0.1351277462968486,94059338.47351846,91247375.61801684,566.9510862040016,valid,xgboost_with_lc,0.04
1.0,0.6187079548835754,1.0,162570,0.13726394783785445,96816084.34741831,91027060.0690239,559.9253249001902,valid,xgboost_with_lc,0.04
0.5,0.11999919265508652,0.5,81285,0.08181091222242726,30477217.31947405,104064409.58065145,1280.2412447641195,valid,xgboost_no_lc,0.0
0.51,0.12177969515323639,0.5100018453589223,82911,0.08260665050475811,31202467.203174055,106149921.43501839,1280.2875545466632,valid,xgboost_no_lc,0.0
0.52,0.12352456897497177,0.5199975395214369,84536,0.08357386202328003,32231536.202574052,107978366.22784775,1277.306310067282,valid,xgboost_no_lc,0.0
0.53,0.12533262372016907,0.5299993848803592,86162,0.0842947006801142,33182942.868474107,109850316.37966572,1274.9276523254534,valid,xgboost_no_lc,0.0
0.54,0.1271144300699234,0.5400012302392816,87788,0.08515970292067253,34179881.71617416,111718146.75707252,1272.5901804013365,valid,xgboost_no_lc,0.0
0.55,0.12902475893497467,0.5500030755982038,89414,0.08621692352428031,35196249.17237419,113496420.54288235,1269.33612793167,valid,xgboost_no_lc,0.0
0.56,0.1308019608259201,0.5599987697607185,91039,0.08732521227166379,36347408.68027423,115048923.84629668,1263.7322888684705,valid,xgboost_no_lc,0.0
0.57,0.13271039724349976,0.5700006151196407,92665,0.08824259429126423,37236528.04807426,116922558.06234837,1261.7769175238586,valid,xgboost_no_lc,0.0
0.58,0.1345943957567215,0.5800024604785631,94291,0.08911773127870104,38112860.754431814,118857125.78974617,1260.535213220203,valid,xgboost_no_lc,0.0
0.59,0.1365196406841278,0.5899981546410777,95916,0.09007881896659577,39006823.495932,120828708.43886739,1259.7346473879998,valid,xgboost_no_lc,0.0
0.6,0.1385309249162674,0.6,97542,0.09102745483996637,39927465.23473194,122751926.11199121,1258.4520115641592,valid,xgboost_no_lc,0.0
0.61,0.14051316678524017,0.6100018453589223,99168,0.09216682800903517,41150370.35453202,124272975.65462862,1253.1560145876556,valid,xgboost_no_lc,0.0
0.62,0.14252692461013794,0.6199975395214369,100793,0.09327036599763873,42172152.70693208,126046975.19849747,1250.5528677437667,valid,xgboost_no_lc,0.0
0.63,0.14454202353954315,0.6299993848803592,102419,0.09408410548823949,43205224.91593216,127779929.06907895,1247.6193779384582,valid,xgboost_no_lc,0.0
0.64,0.1466279923915863,0.6400012302392816,104045,0.09512230284972849,44215594.47823215,129634937.48628843,1245.9506702512224,valid,xgboost_no_lc,0.0
0.65,0.1486910730600357,0.6499969244017961,105670,0.09607267909529668,45404072.95413216,131194367.69122699,1241.5479103929874,valid,xgboost_no_lc,0.0
0.66,0.1508292555809021,0.6599987697607185,107296,0.09705860423501342,46368295.78153209,133085802.67524636,1240.3612685957198,valid,xgboost_no_lc,0.0
0.67,0.1530122458934784,0.6700006151196408,108922,0.09818953012247296,47636351.01353202,134537438.2077061,1235.172308695269,valid,xgboost_no_lc,0.0
0.68,0.15530820190906525,0.680002460478563,110548,0.09910627057929587,48760017.217332065,136236240.34333983,1232.3718234915134,valid,xgboost_no_lc,0.0
0.69,0.1575126200914383,0.6899981546410777,112173,0.10004189956584918,49882274.395532094,137820298.05082124,1228.640564581684,valid,xgboost_no_lc,0.0
0.7,0.15996946394443512,0.7,113799,0.10068629777063068,50952917.37333204,139640243.09088516,1227.0779452445554,valid,xgboost_no_lc,0.0
0.71,0.16229401528835297,0.7100018453589223,115425,0.10166774962096599,52052608.304920346,141354604.53105384,1224.6446136543543,valid,xgboost_no_lc,0.0
0.72,0.1647281050682068,0.719997539521437,117050,0.1027509611277232,53285578.02003567,142870103.7044152,1220.5903776541238,valid,xgboost_no_lc,0.0
0.73,0.1672533005475998,0.7299993848803592,118676,0.10382048602918871,54492401.38103958,144452570.8342042,1217.2012103054046,valid,xgboost_no_lc,0.0
0.74,0.16981393098831177,0.7400012302392815,120302,0.10484447473857458,55738265.54386328,146112555.90119785,1214.5480199929998,valid,xgboost_no_lc,0.0
0.75,0.17242100834846497,0.7500030755982039,121928,0.10567712092382389,56839571.02196337,147975727.261677,1213.6320390859933,valid,xgboost_no_lc,0.0
0.76,0.1751887947320938,0.7599987697607185,123553,0.1065939313492995,57881975.79206329,149844247.2089976,1212.7932725955468,valid,xgboost_no_lc,0.0
0.77,0.1779526025056839,0.7700006151196408,125179,0.10756596553735051,59240405.11266324,151347928.08394778,1209.0520621186283,valid,xgboost_no_lc,0.0
0.78,0.18089869618415833,0.780002460478563,126805,0.10896258033989197,60813873.55418987,152526492.16824538,1202.8428860710965,valid,xgboost_no_lc,0.0
0.79,0.1838272660970688,0.7899981546410777,128430,0.10985750992758701,62011164.7626896,154178763.54230842,1200.4886984529192,valid,xgboost_no_lc,0.0
0.8,0.18701687455177307,0.8,130056,0.1110214061634988,63353417.45348966,155684619.6168825,1197.0583411521384,valid,xgboost_no_lc,0.0
0.81,0.19024193286895752,0.8100018453589223,131682,0.1119743017268875,64592657.933149576,157265859.40671504,1194.2851673479674,valid,xgboost_no_lc,0.0
0.82,0.19368867576122284,0.819997539521437,133307,0.11311484018093573,65956329.39644943,158784090.05844915,1191.115920832733,valid,xgboost_no_lc,0.0
0.83,0.19720859825611115,0.8299993848803592,134933,0.11418259432459073,67236330.00084934,160290650.08969074,1187.9277129367222,valid,xgboost_no_lc,0.0
0.84,0.20103071630001068,0.8400012302392815,136559,0.11510775562211205,68470833.24184926,161982798.05936486,1186.1744598258983,valid,xgboost_no_lc,0.0
0.85,0.20484739542007446,0.8499969244017962,138184,0.11640276732472646,70120142.664354,163147835.01132643,1180.6564798480752,valid,xgboost_no_lc,0.0
0.86,0.20894478261470795,0.8599987697607184,139810,0.11771690150919105,71784493.46135172,164302552.4236675,1175.1845534916492,valid,xgboost_no_lc,0.0
0.87,0.21331410109996796,0.8700006151196408,141436,0.11902203116603977,73391055.73985171,165496951.71052897,1170.1190058438374,valid,xgboost_no_lc,0.0
0.88,0.21783794462680817,0.8800024604785631,143062,0.12039535306370665,74920981.72987211,166732907.3940221,1165.4590834325124,valid,xgboost_no_lc,0.0
0.89,0.22283922135829926,0.8899981546410777,144687,0.12146219079806755,76467742.05557206,168125761.7992531,1161.9963217099885,valid,xgboost_no_lc,0.0
0.9,0.22840391099452972,0.9,146313,0.12260017906816209,77970123.32663293,169566096.33009803,1158.9270695707014,valid,xgboost_no_lc,0.0
0.91,0.23423101007938385,0.9100018453589223,147939,0.12399705283934595,79735811.14023283,170536889.59049952,1152.7514015269774,valid,xgboost_no_lc,0.0
0.92,0.24048209190368652,0.9199975395214369,149564,0.1250635179588671,81194732.70813301,171955400.66614097,1149.7111648935638,valid,xgboost_no_lc,0.0
0.93,0.2473921924829483,0.9299993848803593,151190,0.12643693365963357,82857400.39717829,173227669.89561665,1145.7614253298277,valid,xgboost_no_lc,0.0
0.94,0.255899578332901,0.9400012302392815,152816,0.127787666212962,84556865.80485933,174463838.43498102,1141.6595018517762,valid,xgboost_no_lc,0.0
0.95,0.2655344009399414,0.9500030755982038,154442,0.12909700729076287,86345593.70614304,175596539.9631737,1136.974009422137,valid,xgboost_no_lc,0.0
0.96,0.2768963575363159,0.9599987697607184,156067,0.1305657185695887,88225351.15604296,176677969.68399984,1132.064880365483,valid,xgboost_no_lc,0.0
0.97,0.2910080850124359,0.9700006151196408,157693,0.1321618588015955,90039983.85834298,177886386.85767043,1128.0550617825168,valid,xgboost_no_lc,0.0
0.98,0.3116414546966553,0.9800024604785631,159319,0.13372541881382635,92196589.76067542,178849209.79131037,1122.5855660110242,valid,xgboost_no_lc,0.0
0.99,0.3430559039115906,0.9899981546410777,160944,0.1352520131225768,94268924.64191857,179971668.55154157,1118.225398595422,valid,xgboost_no_lc,0.0
1.0,0.7309451103210449,1.0,162570,0.13726394783785445,96816084.34741831,180507726.0251739,1110.33847588838,valid,xgboost_no_lc,0.0
0.5,0.11999919265508652,0.5,81285,0.08181091222242726,30477217.31947405,56837205.997451454,699.2336347106041,valid,xgboost_no_lc,0.04
0.51,0.12177969515323639,0.5100018453589223,82911,0.08260665050475811,31202467.203174055,58075014.18726839,700.4500511062271,valid,xgboost_no_lc,0.04
0.52,0.12352456897497177,0.5199975395214369,84536,0.08357386202328003,32231536.202574052,59026234.88536441,698.2378499735546,valid,xgboost_no_lc,0.04
0.53,0.12533262372016907,0.5299993848803592,86162,0.0842947006801142,33182942.868474107,60048116.40234904,696.9211067796597,valid,xgboost_no_lc,0.04
0.54,0.1271144300699234,0.5400012302392816,87788,0.08515970292067253,34179881.71617416,61069840.360439196,695.6513459748394,valid,xgboost_no_lc,0.04
0.55,0.12902475893497467,0.5500030755982038,89414,0.08621692352428031,35196249.17237419,61973000.95398235,693.1017620728561,valid,xgboost_no_lc,0.04
0.56,0.1308019608259201,0.5599987697607185,91039,0.08732521227166379,36347408.68027423,62697745.50684668,688.6910610490744,valid,xgboost_no_lc,0.04
0.57,0.13271039724349976,0.5700006151196407,92665,0.08824259429126423,37236528.04807426,63720157.51353169,687.639966692189,valid,xgboost_no_lc,0.04
0.58,0.1345943957567215,0.5800024604785631,94291,0.08911773127870104,38112860.754431814,64813333.70566283,687.3756106697653,valid,xgboost_no_lc,0.04
0.59,0.1365196406841278,0.5899981546410777,95916,0.09007881896659577,39006823.495932,65939306.39431738,687.4693105875701,valid,xgboost_no_lc,0.04
0.6,0.1385309249162674,0.6,97542,0.09102745483996637,39927465.23473194,67006505.34832454,686.9502916520528,valid,xgboost_no_lc,0.04
0.61,0.14051316678524017,0.6100018453589223,99168,0.09216682800903517,41150370.35453202,67687198.22411196,682.5508049382055,valid,xgboost_no_lc,0.04
0.62,0.14252692461013794,0.6199975395214369,100793,0.09327036599763873,42172152.70693208,68615272.54943082,680.7543435499571,valid,xgboost_no_lc,0.04
0.63,0.14454202353954315,0.6299993848803592,102419,0.09408410548823949,43205224.91593216,69522337.40104562,678.8031263832455,valid,xgboost_no_lc,0.04
0.64,0.1466279923915863,0.6400012302392816,104045,0.09512230284972849,44215594.47823215,70528202.04815511,677.8624830424827,valid,xgboost_no_lc,0.04
0.65,0.1486910730600357,0.6499969244017961,105670,0.09607267909529668,45404072.95413216,71255146.82489365,674.3176570918298,valid,xgboost_no_lc,0.04
0.66,0.1508292555809021,0.6599987697607185,107296,0.09705860423501342,46368295.78153209,72281811.35439634,673.6673441171744,valid,xgboost_no_lc,0.04
0.67,0.1530122458934784,0.6700006151196408,108922,0.09818953012247296,47636351.01353202,72895769.57473943,669.2474392201707,valid,xgboost_no_lc,0.04
0.68,0.15530820190906525,0.680002460478563,110548,0.09910627057929587,48760017.217332065,73746803.3000065,667.1021031588676,valid,xgboost_no_lc,0.04
0.69,0.1575126200914383,0.6899981546410777,112173,0.10004189956584918,49882274.395532094,74519639.21317121,664.3277723977358,valid,xgboost_no_lc,0.04
0.7,0.15996946394443512,0.7,113799,0.10068629777063068,50952917.37333204,75519596.1876018,663.6226696860413,valid,xgboost_no_lc,0.04
0.71,0.16229401528835297,0.7100018453589223,115425,0.10166774962096599,52052608.304920346,76403005.41967049,661.9277056068486,valid,xgboost_no_lc,0.04
0.72,0.1647281050682068,0.719997539521437,117050,0.1027509611277232,53285578.02003567,77086626.58076522,658.5786123944059,valid,xgboost_no_lc,0.04
0.73,0.1672533005475998,0.7299993848803592,118676,0.10382048602918871,54492401.38103958,77831568.58183753,655.832422577754,valid,xgboost_no_lc,0.04
0.74,0.16981393098831177,0.7400012302392815,120302,0.10484447473857458,55738265.54386328,78624056.0269812,653.5556850840485,valid,xgboost_no_lc,0.04
0.75,0.17242100834846497,0.7500030755982039,121928,0.10567712092382389,56839571.02196337,79636276.55069366,653.1418259193431,valid,xgboost_no_lc,0.04
0.76,0.1751887947320938,0.7599987697607185,123553,0.1065939313492995,57881975.79206329,80671722.24806428,652.9321202080425,valid,xgboost_no_lc,0.04
0.77,0.1779526025056839,0.7700006151196408,125179,0.10756596553735051,59240405.11266324,81352285.53561445,649.887645177022,valid,xgboost_no_lc,0.04
0.78,0.18089869618415833,0.780002460478563,126805,0.10896258033989197,60813873.55418987,81704502.32554536,644.3318664527847,valid,xgboost_no_lc,0.04
0.79,0.1838272660970688,0.7899981546410777,128430,0.10985750992758701,62011164.7626896,82531787.72217512,642.6207873719156,valid,xgboost_no_lc,0.04
0.8,0.18701687455177307,0.8,130056,0.1110214061634988,63353417.45348966,83185048.67813247,639.6094657542326,valid,xgboost_no_lc,0.04
0.81,0.19024193286895752,0.8100018453589223,131682,0.1119743017268875,64592657.933149576,83944590.59213173,637.4796144661512,valid,xgboost_no_lc,0.04
0.82,0.19368867576122284,0.819997539521437,133307,0.11311484018093573,65956329.39644943,84617185.22929914,634.7542531847475,valid,xgboost_no_lc,0.04
0.83,0.19720859825611115,0.8299993848803592,134933,0.11418259432459073,67236330.00084934,85307810.95800744,632.2234809720931,valid,xgboost_no_lc,0.04
0.84,0.20103071630001068,0.8400012302392815,136559,0.11510775562211205,68470833.24184926,86150470.52946484,630.8662961025259,valid,xgboost_no_lc,0.04
0.85,0.20484739542007446,0.8499969244017962,138184,0.11640276732472646,70120142.664354,86494568.8754431,625.9376546882642,valid,xgboost_no_lc,0.04
0.86,0.20894478261470795,0.8599987697607184,139810,0.11771690150919105,71784493.46135172,86793429.27285083,620.7955745143468,valid,xgboost_no_lc,0.04
0.87,0.21331410109996796,0.8700006151196408,141436,0.11902203116603977,73391055.73985171,87171214.55029565,616.3297502071301,valid,xgboost_no_lc,0.04
0.88,0.21783794462680817,0.8800024604785631,143062,0.12039535306370665,74920981.72987211,87572539.13865542,612.1299795798705,valid,xgboost_no_lc,0.04
0.89,0.22283922135829926,0.8899981546410777,144687,0.12146219079806755,76467742.05557206,88130053.01003641,609.1083028194406,valid,xgboost_no_lc,0.04
0.9,0.22840391099452972,0.9,146313,0.12260017906816209,77970123.32663293,88732962.28766468,606.4598654095308,valid,xgboost_no_lc,0.04
0.91,0.23423101007938385,0.9100018453589223,147939,0.12399705283934595,79735811.14023283,88895893.90286618,600.8955982051128,valid,xgboost_no_lc,0.04
0.92,0.24048209190368652,0.9199975395214369,149564,0.1250635179588671,81194732.70813301,89488228.14015767,598.3273256944028,valid,xgboost_no_lc,0.04
0.93,0.2473921924829483,0.9299993848803593,151190,0.12643693365963357,82857400.39717829,89906291.4857333,594.6576591423593,valid,xgboost_no_lc,0.04
0.94,0.255899578332901,0.9400012302392815,152816,0.127787666212962,84556865.80485933,90279318.74729769,590.7713769978124,valid,xgboost_no_lc,0.04
0.95,0.2655344009399414,0.9500030755982038,154442,0.12909700729076287,86345593.70614304,90567920.44949037,586.4202771881378,valid,xgboost_no_lc,0.04
0.96,0.2768963575363159,0.9599987697607184,156067,0.1305657185695887,88225351.15604296,90779196.02344984,581.6681042337575,valid,xgboost_no_lc,0.04
0.97,0.2910080850124359,0.9700006151196408,157693,0.1321618588015955,90039983.85834298,91117248.00603712,577.8141579273469,valid,xgboost_no_lc,0.04
0.98,0.3116414546966553,0.9800024604785631,159319,0.13372541881382635,92196589.76067542,91182840.96306038,572.3287301769429,valid,xgboost_no_lc,0.04
0.99,0.3430559039115906,0.9899981546410777,160944,0.1352520131225768,94268924.64191857,91385169.21255824,567.8072448339686,valid,xgboost_no_lc,0.04
1.0,0.7309451103210449,1.0,162570,0.13726394783785445,96816084.34741831,91027060.0690239,559.9253249001902,valid,xgboost_no_lc,0.04
0.5,0.13207909387598388,0.5,81285,0.08142953804514978,29735666.177680947,95016718.15927686,1168.932990825821,valid,lc_subgrade_rank,0.0
0.51,0.13207909387598388,0.5100018453589223,82911,0.082679017259471,30802000.92608086,96656385.64058879,1165.7848251810833,valid,lc_subgrade_rank,0.0
0.52,0.13207909387598388,0.5199975395214369,84536,0.08383410617961579,31651296.055180848,98525018.05205928,1165.4800091329053,valid,lc_subgrade_rank,0.0
0.53,0.13207909387598388,0.5299993848803592,86162,0.08474733641280378,32551797.28288086,100403391.63735789,1165.2862240588413,valid,lc_subgrade_rank,0.0
0.54,0.13207909387598388,0.5400012302392816,87788,0.08555839066842849,33334922.315780867,102369565.90290815,1166.0997619595862,valid,lc_subgrade_rank,0.0
0.55,0.13836819704790365,0.5500030755982038,89414,0.08644060214284116,34253535.86439626,104297885.67274016,1166.4603493048087,valid,lc_subgrade_rank,0.0
0.56,0.13836819704790365,0.5599987697607185,91039,0.08758883555399334,35323554.866068125,106556712.05511492,1170.4512577589267,valid,lc_subgrade_rank,0.0
0.57,0.13836819704790365,0.5700006151196407,92665,0.08841525926725301,36352483.107168145,108538585.05363399,1171.300761383845,valid,lc_subgrade_rank,0.0
0.58,0.13836819704790365,0.5800024604785631,94291,0.08954194992098928,37350065.82436811,110323397.51681653,1170.0310476802297,valid,lc_subgrade_rank,0.0
0.59,0.13836819704790365,0.5899981546410777,95916,0.09070436632053046,38606974.741768,111939538.33869618,1167.0580334740416,valid,lc_subgrade_rank,0.0
0.6,0.13836819704790365,0.6,97542,0.09172459043283919,39638698.39926794,113495788.5045357,1163.5581442305438,valid,lc_subgrade_rank,0.0
0.61,0.14836795252225518,0.6100018453589223,99168,0.09264077121652146,40521958.959067956,115250703.54130504,1162.1763425833437,valid,lc_subgrade_rank,0.0
0.62,0.14836795252225518,0.6199975395214369,100793,0.0934291071800621,41601631.56556818,117558116.25655875,1166.3321486269756,valid,lc_subgrade_rank,0.0
0.63,0.14836795252225518,0.6299993848803592,102419,0.09450394946250207,42726841.75266819,119474587.1804088,1166.5275698884857,valid,lc_subgrade_rank,0.0
0.64,0.14836795252225518,0.6400012302392816,104045,0.09556441924167428,43736747.38826813,121251618.77194983,1165.376700196548,valid,lc_subgrade_rank,0.0
0.65,0.14836795252225518,0.6499969244017961,105670,0.09648906974543389,44835746.16616817,123165288.36949657,1165.565329511655,valid,lc_subgrade_rank,0.0
0.66,0.14836795252225518,0.6599987697607185,107296,0.09760848493886072,45899419.38586809,124671106.05795646,1161.9361957384847,valid,lc_subgrade_rank,0.0
0.67,0.14836795252225518,0.6700006151196408,108922,0.09884137272543655,47147724.73926805,125986461.94345999,1156.6668069210994,valid,lc_subgrade_rank,0.0
0.68,0.16839480246751543,0.680002460478563,110548,0.09977566306039005,48322836.67126061,128456544.48589095,1161.9979057594073,valid,lc_subgrade_rank,0.0
0.69,0.16839480246751543,0.6899981546410777,112173,0.10075508366540968,49286590.64986059,130672105.91319646,1164.9158524172167,valid,lc_subgrade_rank,0.0
0.7,0.16839480246751543,0.7,113799,0.10178472570057734,50449137.99366057,132499692.15061185,1164.3309005405306,valid,lc_subgrade_rank,0.0
0.71,0.16839480246751543,0.7100018453589223,115425,0.10267273121074291,51477110.28806065,134553555.20781732,1165.722808817997,valid,lc_subgrade_rank,0.0
0.72,0.16839480246751543,0.719997539521437,117050,0.10409226826142674,52972362.37626065,135803924.75267988,1160.2214844312678,valid,lc_subgrade_rank,0.0
0.73,0.17432293452176895,0.7299993848803592,118676,0.10531194175738987,54229368.66405831,137612826.15857896,1159.567445469842,valid,lc_subgrade_rank,0.0
0.74,0.17432293452176895,0.7400012302392815,120302,0.1064653954215225,55593818.21685809,139447340.59797382,1159.1439926017342,valid,lc_subgrade_rank,0.0
0.75,0.17432293452176895,0.7500030755982039,121928,0.10761268945607244,57022169.25995804,141170286.1529355,1157.8167947717957,valid,lc_subgrade_rank,0.0
0.76,0.17432293452176895,0.7599987697607185,123553,0.1089330085064709,58507456.05895819,142658905.0890144,1154.637322355705,valid,lc_subgrade_rank,0.0
0.77,0.17432293452176895,0.7700006151196408,125179,0.11017822478211202,59792017.5316582,144260999.60410172,1152.4377060377676,valid,lc_subgrade_rank,0.0
0.78,0.1752852274411024,0.780002460478563,126805,0.1109183391822089,60935012.13126211,146652084.3445749,1156.5165754077118,valid,lc_subgrade_rank,0.0
0.79,0.1752852274411024,0.7899981546410777,128430,0.11182745464455346,62109563.14646217,148462859.30761212,1155.982708927915,valid,lc_subgrade_rank,0.0
0.8,0.1752852274411024,0.8,130056,0.11265147321153965,63501306.61266212,150076709.0385793,1153.9391418971773,valid,lc_subgrade_rank,0.0
0.81,0.1752852274411024,0.8100018453589223,131682,0.11375130997402834,64979918.55896215,151489124.34369436,1150.4163389354228,valid,lc_subgrade_rank,0.0
0.82,0.19795330988167573,0.819997539521437,133307,0.11480267352802179,66305507.61516385,153098125.05174768,1148.462759283066,valid,lc_subgrade_rank,0.0
0.83,0.19795330988167573,0.8299993848803592,134933,0.11598348810150223,67789031.24356373,154761987.0193387,1146.9543182122884,valid,lc_subgrade_rank,0.0
0.84,0.19795330988167573,0.8400012302392815,136559,0.1167114580510988,69052014.76816365,156698866.9490484,1147.4810664185327,valid,lc_subgrade_rank,0.0
0.85,0.19795330988167573,0.8499969244017962,138184,0.11800208417761825,70582203.1947447,158157343.22957903,1144.5416490301268,valid,lc_subgrade_rank,0.0
0.86,0.19882205961092272,0.8599987697607184,139810,0.11924755024676346,72243900.9621306,159786472.96986124,1142.883005291905,valid,lc_subgrade_rank,0.0
0.87,0.19882205961092272,0.8700006151196408,141436,0.12038660595605079,73712700.7704305,161438797.69287485,1141.4264946185897,valid,lc_subgrade_rank,0.0
0.88,0.19882205961092272,0.8800024604785631,143062,0.12187722805496917,75662934.28333052,162344388.6008848,1134.783440752155,valid,lc_subgrade_rank,0.0
0.89,0.2010524007893006,0.8899981546410777,144687,0.12279610469496223,76921607.06013055,164512989.33582556,1137.0267497136963,valid,lc_subgrade_rank,0.0
0.9,0.2010524007893006,0.9,146313,0.12385775700040325,78524561.04003012,166131666.93683645,1135.4539031858853,valid,lc_subgrade_rank,0.0
0.91,0.20167427701674276,0.9100018453589223,147939,0.12495014837196412,80207505.12303025,167988165.00897425,1135.5231886721842,valid,lc_subgrade_rank,0.0
0.92,0.20167427701674276,0.9199975395214369,149564,0.12626701612687546,81817707.66963013,169545523.277408,1133.5984814354256,valid,lc_subgrade_rank,0.0
0.93,0.21333333333333335,0.9299993848803593,151190,0.12779945763608705,83664364.23683037,170970847.2246625,1130.8343622241055,valid,lc_subgrade_rank,0.0
0.94,0.2139673105497771,0.9400012302392815,152816,0.12893283425819285,85092815.48181848,172779019.7873696,1130.6343562674695,valid,lc_subgrade_rank,0.0
0.95,0.21572260455267336,0.9500030755982038,154442,0.13047616580981858,87125354.32541862,174106884.93567446,1127.328608381622,valid,lc_subgrade_rank,0.0
0.96,0.21572260455267336,0.9599987697607184,156067,0.1311808389986352,88660397.92771867,175748759.6606192,1126.1109629878142,valid,lc_subgrade_rank,0.0
0.97,0.2278393351800554,0.9700006151196408,157693,0.13244088196685966,90788557.51221868,177070693.59554738,1122.8823955124665,valid,lc_subgrade_rank,0.0
0.98,0.23156342182890854,0.9800024604785631,159319,0.1340580847231027,92935072.78861842,177880922.84587184,1116.5079045554633,valid,lc_subgrade_rank,0.0
0.99,0.2602739726027397,0.9899981546410777,160944,0.13552540013917885,94680792.34741837,179525383.86591288,1115.4524795327125,valid,lc_subgrade_rank,0.0
1.0,0.7142857142857143,1.0,162570,0.13726394783785445,96816084.34741831,180507726.0251739,1110.33847588838,valid,lc_subgrade_rank,0.0
0.5,0.13207909387598388,0.5,81285,0.08142953804514978,29735666.177680947,46730906.00861018,574.9019623375799,valid,lc_subgrade_rank,0.04
0.51,0.13207909387598388,0.5100018453589223,82911,0.082679017259471,30802000.92608086,47541293.21253878,573.4015174408556,valid,lc_subgrade_rank,0.04
0.52,0.13207909387598388,0.5199975395214369,84536,0.08383410617961579,31651296.055180848,48565069.50147594,574.4897972636029,valid,lc_subgrade_rank,0.04
0.53,0.13207909387598388,0.5299993848803592,86162,0.08474733641280378,32551797.28288086,49603890.152191214,575.704952904891,valid,lc_subgrade_rank,0.04
0.54,0.13207909387598388,0.5400012302392816,87788,0.08555839066842849,33334922.315780867,50722222.26454148,577.780815880775,valid,lc_subgrade_rank,0.04
0.55,0.13836819704790365,0.5500030755982038,89414,0.08644060214284116,34253535.86439626,51796924.47655682,579.29322563085,valid,lc_subgrade_rank,0.04
0.56,0.13836819704790365,0.5599987697607185,91039,0.08758883555399334,35323554.866068125,53111367.25584825,583.3913735415399,valid,lc_subgrade_rank,0.04
0.57,0.13836819704790365,0.5700006151196407,92665,0.08841525926725301,36352483.107168145,54249248.239884004,585.4340715467977,valid,lc_subgrade_rank,0.04
0.58,0.13836819704790365,0.5800024604785631,94291,0.08954194992098928,37350065.82436811,55203503.41669985,585.4588817246592,valid,lc_subgrade_rank,0.04
0.59,0.13836819704790365,0.5899981546410777,95916,0.09070436632053046,38606974.741768,55948973.57227951,583.3122062250252,valid,lc_subgrade_rank,0.04
0.6,0.13836819704790365,0.6,97542,0.09172459043283919,39638698.39926794,56724435.026035696,581.5385682683941,valid,lc_subgrade_rank,0.04
0.61,0.14836795252225518,0.6100018453589223,99168,0.09264077121652146,40521958.959067956,57657390.8017717,581.4112496145098,valid,lc_subgrade_rank,0.04
0.62,0.14836795252225518,0.6199975395214369,100793,0.0934291071800621,41601631.56556818,59065833.73589209,586.0112680036519,valid,lc_subgrade_rank,0.04
0.63,0.14836795252225518,0.6299993848803592,102419,0.09450394946250207,42726841.75266819,60136280.13967546,587.1594151444114,valid,lc_subgrade_rank,0.04
0.64,0.14836795252225518,0.6400012302392816,104045,0.09556441924167428,43736747.38826813,61094447.89519982,587.1925406814341,valid,lc_subgrade_rank,0.04
0.65,0.14836795252225518,0.6499969244017961,105670,0.09648906974543389,44835746.16616817,62129103.156629905,587.9540376325343,valid,lc_subgrade_rank,0.04
0.66,0.14836795252225518,0.6599987697607185,107296,0.09760848493886072,45899419.38586809,62861949.29805645,585.8741173767564,valid,lc_subgrade_rank,0.04
0.67,0.14836795252225518,0.6700006151196408,108922,0.09884137272543655,47147724.73926805,63370725.51654331,581.7991362309111,valid,lc_subgrade_rank,0.04
0.68,0.16839480246751543,0.680002460478563,110548,0.09977566306039005,48322836.67126061,64868182.162090965,586.7874783993466,valid,lc_subgrade_rank,0.04
0.69,0.16839480246751543,0.6899981546410777,112173,0.10075508366540968,49286590.64986059,66231055.00762978,590.4366916069802,valid,lc_subgrade_rank,0.04
0.7,0.16839480246751543,0.7,113799,0.10178472570057734,50449137.99366057,67202271.6861785,590.534817407697,valid,lc_subgrade_rank,0.04
0.71,0.16839480246751543,0.7100018453589223,115425,0.10267273121074291,51477110.28806065,68389869.68898398,592.5048272816459,valid,lc_subgrade_rank,0.04
0.72,0.16839480246751543,0.719997539521437,117050,0.10409226826142674,52972362.37626065,68826667.1494799,588.0108257110628,valid,lc_subgrade_rank,0.04
0.73,0.17432293452176895,0.7299993848803592,118676,0.10531194175738987,54229368.66405831,69775208.70512895,587.9470887553418,valid,lc_subgrade_rank,0.04
0.74,0.17432293452176895,0.7400012302392815,120302,0.1064653954215225,55593818.21685809,70756440.37704049,588.1568085072608,valid,lc_subgrade_rank,0.04
0.75,0.17432293452176895,0.7500030755982039,121928,0.10761268945607244,57022169.25995804,71617966.25576884,587.3791602894236,valid,lc_subgrade_rank,0.04
0.76,0.17432293452176895,0.7599987697607185,123553,0.1089330085064709,58507456.05895819,72261568.76033108,584.8629232825676,valid,lc_subgrade_rank,0.04
0.77,0.17432293452176895,0.7700006151196408,125179,0.11017822478211202,59792017.5316582,73065672.14956838,583.6895337841681,valid,lc_subgrade_rank,0.04
0.78,0.1752852274411024,0.780002460478563,126805,0.1109183391822089,60935012.13126211,74547724.91359156,587.892629735354,valid,lc_subgrade_rank,0.04
0.79,0.1752852274411024,0.7899981546410777,128430,0.11182745464455346,62109563.14646217,75546462.41884547,588.2306503063573,valid,lc_subgrade_rank,0.04
0.8,0.1752852274411024,0.8,130056,0.11265147321153965,63501306.61266212,76312498.05754595,586.7664548928611,valid,lc_subgrade_rank,0.04
0.81,0.1752852274411024,0.8100018453589223,131682,0.11375130997402834,64979918.55896215,76889375.57587768,583.901942375402,valid,lc_subgrade_rank,0.04
0.82,0.19795330988167573,0.819997539521437,133307,0.11480267352802179,66305507.61516385,77691735.63209768,582.8031208571018,valid,lc_subgrade_rank,0.04
0.83,0.19795330988167573,0.8299993848803592,134933,0.11598348810150223,67789031.24356373,78557942.52577205,582.1996288956152,valid,lc_subgrade_rank,0.04
0.84,0.19795330988167573,0.8400012302392815,136559,0.1167114580510988,69052014.76816365,79677508.88393173,583.465819784355,valid,lc_subgrade_rank,0.04
0.85,0.19795330988167573,0.8499969244017962,138184,0.11800208417761825,70582203.1947447,80316827.7564457,581.2310235370644,valid,lc_subgrade_rank,0.04
0.86,0.19882205961092272,0.8599987697607184,139810,0.11924755024676346,72243900.9621306,81126361.49601123,580.2615084472586,valid,lc_subgrade_rank,0.04
0.87,0.19882205961092272,0.8700006151196408,141436,0.12038660595605079,73712700.7704305,81963977.90542485,579.5128390609523,valid,lc_subgrade_rank,0.04
0.88,0.19882205961092272,0.8800024604785631,143062,0.12187722805496917,75662934.28333052,82068646.89848477,573.6579028566969,valid,lc_subgrade_rank,0.04
0.89,0.2010524007893006,0.8899981546410777,144687,0.12279610469496223,76921607.06013055,83447588.61875892,576.7455861187177,valid,lc_subgrade_rank,0.04
0.9,0.2010524007893006,0.9,146313,0.12385775700040325,78524561.04003012,84249800.00248645,575.8189634720527,valid,lc_subgrade_rank,0.04
0.91,0.20167427701674276,0.9100018453589223,147939,0.12495014837196412,80207505.12303025,85257541.74545756,576.3020011319365,valid,lc_subgrade_rank,0.04
0.92,0.20167427701674276,0.9199975395214369,149564,0.12626701612687546,81817707.66963013,86034725.15492468,575.236856161407,valid,lc_subgrade_rank,0.04
0.93,0.21333333333333335,0.9299993848803593,151190,0.12779945763608705,83664364.23683037,86686619.02049586,573.3621206461794,valid,lc_subgrade_rank,0.04
0.94,0.2139673105497771,0.9400012302392815,152816,0.12893283425819285,85092815.48181848,87753018.24976958,574.2397278411265,valid,lc_subgrade_rank,0.04
0.95,0.21572260455267336,0.9500030755982038,154442,0.13047616580981858,87125354.32541862,88281499.43194112,571.6158780120766,valid,lc_subgrade_rank,0.04
0.96,0.21572260455267336,0.9599987697607184,156067,0.1311808389986352,88660397.92771867,89160184.27326918,571.294279208732,valid,lc_subgrade_rank,0.04
0.97,0.2278393351800554,0.9700006151196408,157693,0.13244088196685966,90788557.51221868,89640285.79616404,568.4480972279305,valid,lc_subgrade_rank,0.04
0.98,0.23156342182890854,0.9800024604785631,159319,0.1340580847231027,92935072.78861842,89756215.01087181,563.3742052791683,valid,lc_subgrade_rank,0.04
0.99,0.2602739726027397,0.9899981546410777,160944,0.13552540013917885,94680792.34741837,90706382.98947954,563.5897143694673,valid,lc_subgrade_rank,0.04
1.0,0.7142857142857143,1.0,162570,0.13726394783785445,96816084.34741831,91027060.0690239,559.9253249001902,valid,lc_subgrade_rank,0.04
0.5,0.10316459834575653,0.5,141513,0.08096782627744448,57560290.71722017,145987068.3041358,1031.6159526272202,test,xgboost_with_lc,0.0
0.51,0.10497593134641647,0.5099990813564832,144343,0.08212383004371532,59514347.11182008,148373627.8544404,1027.9239578950167,test,xgboost_with_lc,0.0
0.52,0.1069055125117302,0.5200016959572619,147174,0.08303776482259095,61242990.92362023,151031012.99469423,1026.2071629139266,test,xgboost_with_lc,0.0
0.53,0.1088155061006546,0.5300007773137451,150004,0.08413775632649796,63351645.33142033,153497257.2947001,1023.2877609577083,test,xgboost_with_lc,0.0
0.54,0.11077001690864563,0.5399998586702282,152834,0.08532787207035084,65192151.12842014,155961321.10465318,1020.4622080469868,test,xgboost_with_lc,0.0
0.55,0.11271777004003525,0.5499989400267113,155664,0.08643617021276596,66970843.95912014,158540422.20205417,1018.4784034976242,test,xgboost_with_lc,0.0
0.56,0.11470630764961243,0.56000155462749,158495,0.08743493485598915,68961128.77392016,161104730.83314508,1016.4656981806687,test,xgboost_with_lc,0.0
0.57,0.11675260961055756,0.5700006359839732,161325,0.08862234619556796,71026700.20612025,163347893.37711585,1012.5392430008731,test,xgboost_with_lc,0.0
0.58,0.11873813718557358,0.5799997173404563,164155,0.08967134720233925,73189241.26872024,165581697.02595174,1008.691157905344,test,xgboost_with_lc,0.0
0.59,0.12085127830505371,0.5899987986969395,166985,0.09072671198011797,75317766.41802016,167851933.93436876,1005.1916874831198,test,xgboost_with_lc,0.0
0.6,0.12290389835834503,0.6000014132977183,169816,0.09194657747208744,77519717.61242023,169973097.75384268,1000.9251057252714,test,xgboost_with_lc,0.0
0.61,0.12505997717380524,0.6100004946542014,172646,0.0930632623982021,79673315.73672032,172189751.39593926,997.3573172615598,test,xgboost_with_lc,0.0
0.62,0.12727001309394836,0.6199995760106846,175476,0.09433768720508788,82003644.18922058,174315159.42454922,993.3846191191344,test,xgboost_with_lc,0.0
0.63,0.1295141875743866,0.6299986573671676,178306,0.09537536594393907,84192132.72202057,176560134.51157928,990.2085993268835,test,xgboost_with_lc,0.0
0.64,0.131791889667511,0.6400012719679464,181137,0.09650154303096552,86267128.2024208,178979616.86757803,988.089771099102,test,xgboost_with_lc,0.0
0.65,0.13405746221542358,0.6500003533244295,183967,0.09763707621475591,88656296.6702747,181033866.2386359,984.0561961582017,test,xgboost_with_lc,0.0
0.66,0.13639184832572937,0.6599994346809127,186797,0.0985936604977596,91003748.57767473,183336605.20151472,981.4751050686826,test,xgboost_with_lc,0.0
0.67,0.1388881802558899,0.6699985160373959,189627,0.09978536811740944,93473560.68677406,185523984.4733408,978.3627040101927,test,xgboost_with_lc,0.0
0.68,0.14139296114444733,0.6800011306381746,192458,0.10102463914204658,95711263.14837426,187766932.464582,975.6254999250849,test,xgboost_with_lc,0.0
0.69,0.14383640885353088,0.6900002119946578,195288,0.10237188152881897,98283753.04477417,189628713.51497698,971.0208180480981,test,xgboost_with_lc,0.0
0.7,0.14635075628757477,0.6999992933511409,198118,0.10347873489536538,100536207.61617419,191887233.14058596,968.5502233042225,test,xgboost_with_lc,0.0
0.71,0.14898069202899933,0.7099983747076241,200948,0.1047683977944543,102731611.89707403,194150040.73648238,966.1705552505244,test,xgboost_with_lc,0.0
0.72,0.1516081839799881,0.7200009893084027,203779,0.1058695940209737,105152463.82927424,196119345.34160477,962.4119528587577,test,xgboost_with_lc,0.0
0.73,0.1543431282043457,0.7300000706648859,206609,0.10719765353881003,107813975.35057437,197858358.924965,957.6463703176773,test,xgboost_with_lc,0.0
0.74,0.15720103681087494,0.739999152021369,209439,0.10833225903485025,110396875.3816745,199703275.1135507,953.5152245453363,test,xgboost_with_lc,0.0
0.75,0.16007548570632935,0.7500017666221478,212270,0.10950676025816178,112976508.26337439,201537697.3414728,949.4403228975965,test,xgboost_with_lc,0.0
0.76,0.1630408763885498,0.760000847978631,215100,0.1109251510925151,115719768.50017428,203247718.0867095,944.8987358749861,test,xgboost_with_lc,0.0
0.77,0.1660705804824829,0.7699999293351141,217930,0.11224246317624925,118300556.82887435,205165601.80728728,941.4289074807841,test,xgboost_with_lc,0.0
0.78,0.16926676034927368,0.7799990106915973,220760,0.11379325964848705,121352204.4144744,206472001.15401122,935.278135323479,test,xgboost_with_lc,0.0
0.79,0.17259180545806885,0.7900016252923759,223591,0.11523272403629842,124178513.63847435,207937064.0091789,929.9885237293939,test,xgboost_with_lc,0.0
0.8,0.17598645389080048,0.8000007066488591,226421,0.11646887877007875,126845710.25747433,209814312.07527494,926.6557080627457,test,xgboost_with_lc,0.0
0.81,0.17958156764507294,0.8099997880053422,229251,0.11770941020977008,129706332.7758743,211509934.39172065,922.6129194277044,test,xgboost_with_lc,0.0
0.82,0.18325555324554443,0.8199988693618254,232081,0.1190834234599127,132679556.118674,212949463.24384993,917.5652605937148,test,xgboost_with_lc,0.0
0.83,0.187080517411232,0.8300014839626041,234912,0.12056429641738182,135893520.77527398,214088015.3414665,911.3541042665614,test,xgboost_with_lc,0.0
0.84,0.19108450412750244,0.8400005653190873,237742,0.1217285965458354,138847628.9739741,215689715.80842298,907.2427918012929,test,xgboost_with_lc,0.0
0.85,0.1954808384180069,0.8499996466755705,240572,0.12312737974494123,141877426.94537416,217355639.7870175,903.4951689598852,test,xgboost_with_lc,0.0
0.86,0.2001035213470459,0.8599987280320536,243402,0.1245963467843321,145215901.97107455,218764741.5551303,898.7795562695882,test,xgboost_with_lc,0.0
0.87,0.20488591492176056,0.8700013426328324,246233,0.12594981176365475,148500967.4998745,220184264.74891275,894.211030807864,test,xgboost_with_lc,0.0
0.88,0.21026930212974548,0.8800004239893154,249063,0.12728907946985302,151686002.01627448,221723205.25567937,890.2294008169795,test,xgboost_with_lc,0.0
0.89,0.215939000248909,0.8899995053457986,251893,0.1290230375595987,155299964.71347457,222686196.4346451,884.0507534335812,test,xgboost_with_lc,0.0
0.9,0.22211268544197083,0.8999985867022817,254723,0.13049862006964427,158750268.91257468,224095114.02157563,879.7600296069677,test,xgboost_with_lc,0.0
0.91,0.22899723052978516,0.9100012013030605,257554,0.13222081582891354,162992076.5613743,224627033.7560215,872.1550966244807,test,xgboost_with_lc,0.0
0.92,0.23641586303710938,0.9200002826595437,260384,0.13384462947032075,166638373.2012741,225894178.25970393,867.5424690445801,test,xgboost_with_lc,0.0
0.93,0.2451571822166443,0.9299993640160268,263214,0.1353879352921957,170585008.10217398,226904327.50512472,862.0526548934506,test,xgboost_with_lc,0.0
0.94,0.25477802753448486,0.93999844537251,266044,0.13702620619145706,174354831.24958393,228234931.61421424,857.8841530506768,test,xgboost_with_lc,0.0
0.95,0.2657673954963684,0.9500010599732887,268875,0.13870385867038587,178577293.29599294,229191567.4235803,852.4093628027161,test,xgboost_with_lc,0.0
0.96,0.2787252962589264,0.9600001413297718,271705,0.14046852284646952,183111199.31519282,229859668.2722906,845.9898355653763,test,xgboost_with_lc,0.0
0.97,0.2949487864971161,0.9699992226862549,274535,0.14234250641994645,187817538.62349296,230448154.5717466,839.4126598493692,test,xgboost_with_lc,0.0
0.98,0.3160341680049896,0.9799983040427381,277365,0.14435491139833792,192613296.92689273,230918335.79947257,832.5431680257876,test,xgboost_with_lc,0.0
0.99,0.3489627540111542,0.9900009186435168,280196,0.1464332110379877,197693358.75929257,231027182.73244342,824.5199172452262,test,xgboost_with_lc,0.0
1.0,0.5876487493515015,1.0,283026,0.14886264866125373,203683574.33599195,230269432.1312552,813.5981575235321,test,xgboost_with_lc,0.0
0.5,0.10316459834575653,0.5,141513,0.08096782627744448,57560290.71722017,58902424.5025025,416.23331073825375,test,xgboost_with_lc,0.04
0.51,0.10497593134641647,0.5099990813564832,144343,0.08212383004371532,59514347.11182008,59769102.270457044,414.0769020351319,test,xgboost_with_lc,0.04
0.52,0.1069055125117302,0.5200016959572619,147174,0.08303776482259095,61242990.92362023,60930957.238077566,414.00625951647413,test,xgboost_with_lc,0.04
0.53,0.1088155061006546,0.5300007773137451,150004,0.08413775632649796,63351645.33142033,61850463.46086675,412.3254277277056,test,xgboost_with_lc,0.04
0.54,0.11077001690864563,0.5399998586702282,152834,0.08532787207035084,65192151.12842014,62862805.19805318,411.3142703721239,test,xgboost_with_lc,0.04
0.55,0.11271777004003525,0.5499989400267113,155664,0.08643617021276596,66970843.95912014,63972698.27955416,410.96655796815037,test,xgboost_with_lc,0.04
0.56,0.11470630764961243,0.56000155462749,158495,0.08743493485598915,68961128.77392016,65036567.09432843,410.3382888692289,test,xgboost_with_lc,0.04
0.57,0.11675260961055756,0.5700006359839732,161325,0.08862234619556796,71026700.20612025,65839425.99788249,408.11669609721054,test,xgboost_with_lc,0.04
0.58,0.11873813718557358,0.5799997173404563,164155,0.08967134720233925,73189241.26872024,66603419.75165175,405.7349441177652,test,xgboost_with_lc,0.04
0.59,0.12085127830505371,0.5899987986969395,166985,0.09072671198011797,75317766.41802016,67431124.34786876,403.81545856136034,test,xgboost_with_lc,0.04
0.6,0.12290389835834503,0.6000014132977183,169816,0.09194657747208744,77519717.61242023,68110137.64560935,401.08198076511843,test,xgboost_with_lc,0.04
0.61,0.12505997717380524,0.6100004946542014,172646,0.0930632623982021,79673315.73672032,68900819.96973926,399.0872650958566,test,xgboost_with_lc,0.04
0.62,0.12727001309394836,0.6199995760106846,175476,0.09433768720508788,82003644.18922058,69587323.2157159,396.5631950563946,test,xgboost_with_lc,0.04
0.63,0.1295141875743866,0.6299986573671676,178306,0.09537536594393907,84192132.72202057,70400786.3649793,394.831280859754,test,xgboost_with_lc,0.04
0.64,0.131791889667511,0.6400012719679464,181137,0.09650154303096552,86267128.2024208,71377061.88356136,394.0501492437291,test,xgboost_with_lc,0.04
0.65,0.13405746221542358,0.6500003533244295,183967,0.09763707621475591,88656296.6702747,72003300.51038587,391.3924807731053,test,xgboost_with_lc,0.04
0.66,0.13639184832572937,0.6599994346809127,186797,0.0985936604977596,91003748.57767473,72839524.90978141,389.93947927312223,test,xgboost_with_lc,0.04
0.67,0.1388881802558899,0.6699985160373959,189627,0.09978536811740944,93473560.68677406,73547160.52222416,387.8517327291164,test,xgboost_with_lc,0.04
0.68,0.14139296114444733,0.6800011306381746,192458,0.10102463914204658,95711263.14837426,74374024.86069866,386.4428855163135,test,xgboost_with_lc,0.04
0.69,0.14383640885353088,0.6900002119946578,195288,0.10237188152881897,98283753.04477417,74825616.07607695,383.1552172999721,test,xgboost_with_lc,0.04
0.7,0.14635075628757477,0.6999992933511409,198118,0.10347873489536538,100536207.61617419,75683734.23713595,382.01341744382614,test,xgboost_with_lc,0.04
0.71,0.14898069202899933,0.7099983747076241,200948,0.1047683977944543,102731611.89707403,76524784.76648238,380.8188425188725,test,xgboost_with_lc,0.04
0.72,0.1516081839799881,0.7200009893084027,203779,0.1058695940209737,105152463.82927424,77111155.3588881,378.4057992182124,test,xgboost_with_lc,0.04
0.73,0.1543431282043457,0.7300000706648859,206609,0.10719765353881003,107813975.35057437,77452135.63538165,374.8729998953659,test,xgboost_with_lc,0.04
0.74,0.15720103681087494,0.739999152021369,209439,0.10833225903485025,110396875.3816745,77919960.1394507,372.0413110234994,test,xgboost_with_lc,0.04
0.75,0.16007548570632935,0.7500017666221478,212270,0.10950676025816178,112976508.26337439,78382871.94028948,369.2602437475361,test,xgboost_with_lc,0.04
0.76,0.1630408763885498,0.760000847978631,215100,0.1109251510925151,115719768.50017428,78676531.52335952,365.7672316288216,test,xgboost_with_lc,0.04
0.77,0.1660705804824829,0.7699999293351141,217930,0.11224246317624925,118300556.82887435,79209842.88993727,363.46461198521206,test,xgboost_with_lc,0.04
0.78,0.16926676034927368,0.7799990106915973,220760,0.11379325964848705,121352204.4144744,79130005.44356123,358.4435832739682,test,xgboost_with_lc,0.04
0.79,0.17259180545806885,0.7900016252923759,223591,0.11523272403629842,124178513.63847435,79232540.20197889,354.36372752918896,test,xgboost_with_lc,0.04
0.8,0.17598645389080048,0.8000007066488591,226421,0.11646887877007875,126845710.25747433,79713623.26284158,352.0593198636239,test,xgboost_with_lc,0.04
0.81,0.17958156764507294,0.8099997880053422,229251,0.11770941020977008,129706332.7758743,80016850.50925398,349.0359933402863,test,xgboost_with_lc,0.04
0.82,0.18325555324554443,0.8199988693618254,232081,0.1190834234599127,132679556.118674,80090882.77264991,345.0988352025798,test,xgboost_with_lc,0.04
0.83,0.187080517411232,0.8300014839626041,234912,0.12056429641738182,135893520.77527398,79854575.00294983,339.9339965729713,test,xgboost_with_lc,0.04
0.84,0.19108450412750244,0.8400005653190873,237742,0.1217285965458354,138847628.9739741,80081975.5518063,336.8440391340457,test,xgboost_with_lc,0.04
0.85,0.1954808384180069,0.8499996466755705,240572,0.12312737974494123,141877426.94537416,80324526.04033417,333.889754586295,test,xgboost_with_lc,0.04
0.86,0.2001035213470459,0.8599987280320536,243402,0.1245963467843321,145215901.97107455,80293434.494097,329.8799290642517,test,xgboost_with_lc,0.04
0.87,0.20488591492176056,0.8700013426328324,246233,0.12594981176365475,148500967.4998745,80285287.98872942,326.0541356712115,test,xgboost_with_lc,0.04
0.88,0.21026930212974548,0.8800004239893154,249063,0.12728907946985302,151686002.01627448,80373799.88797936,322.7046967553565,test,xgboost_with_lc,0.04
0.89,0.215939000248909,0.8899995053457986,251893,0.1290230375595987,155299964.71347457,79883775.88847844,317.13376667266834,test,xgboost_with_lc,0.04
0.9,0.22211268544197083,0.8999985867022817,254723,0.13049862006964427,158750268.91257468,79846499.1933423,313.4640342385348,test,xgboost_with_lc,0.04
0.91,0.22899723052978516,0.9100012013030605,257554,0.13222081582891354,162992076.5613743,78898511.54453817,306.33774487889207,test,xgboost_with_lc,0.04
0.92,0.23641586303710938,0.9200002826595437,260384,0.13384462947032075,166638373.2012741,78691488.03380395,302.2132236765852,test,xgboost_with_lc,0.04
0.93,0.2451571822166443,0.9299993640160268,263214,0.1353879352921957,170585008.10217398,78211150.13287471,297.1390204657606,test,xgboost_with_lc,0.04
0.94,0.25477802753448486,0.93999844537251,266044,0.13702620619145706,174354831.24958393,78016016.0037309,293.24478659068006,test,xgboost_with_lc,0.04
0.95,0.2657673954963684,0.9500010599732887,268875,0.13870385867038587,178577293.29599294,77430944.52691361,287.9811976826169,test,xgboost_with_lc,0.04
0.96,0.2787252962589264,0.9600001413297718,271705,0.14046852284646952,183111199.31519282,76523361.91027391,281.6413459828634,test,xgboost_with_lc,0.04
0.97,0.2949487864971161,0.9699992226862549,274535,0.14234250641994645,187817538.62349296,75542317.80679661,275.16461582966326,test,xgboost_with_lc,0.04
0.98,0.3160341680049896,0.9799983040427381,277365,0.14435491139833792,192613296.92689273,74428426.4361059,268.3410900297655,test,xgboost_with_lc,0.04
0.99,0.3489627540111542,0.9900009186435168,280196,0.1464332110379877,197693358.75929257,72972451.06314342,260.4335931388864,test,xgboost_with_lc,0.04
1.0,0.5876487493515015,1.0,283026,0.14886264866125373,203683574.33599195,70651831.10225518,249.63017921411878,test,xgboost_with_lc,0.04
0.5,0.11781678348779678,0.5,141513,0.08867736533039368,62950482.31382065,144882788.6251184,1023.8125728740004,test,xgboost_no_lc,0.0
0.51,0.11954843997955322,0.5099990813564832,144343,0.08952980054453628,64729585.9270204,147567642.0028364,1022.3401342831755,test,xgboost_no_lc,0.0
0.52,0.12125677615404129,0.5200016959572619,147174,0.09055267914169622,66542276.64622052,150078774.93865806,1019.7370115554246,test,xgboost_no_lc,0.0
0.53,0.1230020523071289,0.5300007773137451,150004,0.09153089250953308,68480647.71462044,152643207.4845637,1017.5942473838278,test,xgboost_no_lc,0.0
0.54,0.12478484213352203,0.5399998586702282,152834,0.0926560843791303,70610370.11482047,154855549.85318,1013.2270951043615,test,xgboost_no_lc,0.0
0.55,0.126599982380867,0.5499989400267113,155664,0.09409368897111728,72894674.10092044,156901797.08347186,1007.9517234779516,test,xgboost_no_lc,0.0
0.56,0.12846793234348297,0.56000155462749,158495,0.09499353291901953,74943428.9381205,159426397.3962035,1005.8765096451212,test,xgboost_no_lc,0.0
0.57,0.13028672337532043,0.5700006359839732,161325,0.09627770029443669,77166770.6818206,161502110.46464178,1001.0978488432777,test,xgboost_no_lc,0.0
0.58,0.1322261542081833,0.5799997173404563,164155,0.0972008163016661,79352577.28562082,163793000.83617133,997.7947722346034,test,xgboost_no_lc,0.0
0.59,0.13414187729358673,0.5899987986969395,166985,0.09842800251519597,81716073.86442094,165722517.8496571,992.4395475620989,test,xgboost_no_lc,0.0
0.6,0.13610847294330597,0.6000014132977183,169816,0.09936637301549912,83609826.18382087,168327374.59456944,991.2338919452197,test,xgboost_no_lc,0.0
0.61,0.13805356621742249,0.6100004946542014,172646,0.10043093961053254,85694156.46282116,170611536.81852868,988.2159842598652,test,xgboost_no_lc,0.0
0.62,0.14008675515651703,0.6199995760106846,175476,0.10144977090884223,88083409.41642131,172528713.9830671,983.2040505998946,test,xgboost_no_lc,0.0
0.63,0.14215633273124695,0.6299986573671676,178306,0.10252038630219959,90347760.55352104,174614215.65846467,979.2952321204259,test,xgboost_no_lc,0.0
0.64,0.14425764977931976,0.6400012719679464,181137,0.1035072900622181,92615616.46312094,176757233.20246732,975.8206948468138,test,xgboost_no_lc,0.0
0.65,0.14634576439857483,0.6500003533244295,183967,0.10468725369223829,94994532.04712075,178678972.74561256,971.2555661918309,test,xgboost_no_lc,0.0
0.66,0.14848819375038147,0.6599994346809127,186797,0.10577793005240983,97457966.30012053,180715036.82684916,967.440787736683,test,xgboost_no_lc,0.0
0.67,0.15065526962280273,0.6699985160373959,189627,0.10699425714692527,100065205.6128206,182454368.91919288,962.1750537591845,test,xgboost_no_lc,0.0
0.68,0.15295447409152985,0.6800011306381746,192458,0.10812229161687226,102478857.59017433,184395643.78297204,958.1084900756115,test,xgboost_no_lc,0.0
0.69,0.15525972843170166,0.6900002119946578,195288,0.10928474867887428,104970602.22327428,186213866.5558099,953.5346081469926,test,xgboost_no_lc,0.0
0.7,0.1575871706008911,0.6999992933511409,198118,0.11009600339191795,106995202.89177434,188746735.53583527,952.6985712344929,test,xgboost_no_lc,0.0
0.71,0.16005608439445496,0.7099983747076241,200948,0.11131735573382169,109649884.85487424,190387320.9433689,947.4457120417666,test,xgboost_no_lc,0.0
0.72,0.1624680757522583,0.7200009893084027,203779,0.11244043792539958,112132174.75457424,192426650.574319,944.2908767553035,test,xgboost_no_lc,0.0
0.73,0.1650405079126358,0.7300000706648859,206609,0.11334453000595328,114746124.3424744,194405445.39018673,940.9340609082215,test,xgboost_no_lc,0.0
0.74,0.16763293743133545,0.739999152021369,209439,0.11433878122030758,117307308.77317414,196281274.96257287,937.1763375616426,test,xgboost_no_lc,0.0
0.75,0.17034222185611725,0.7500017666221478,212270,0.11556508220662363,120150770.04117411,197870037.29407236,932.1620450090562,test,xgboost_no_lc,0.0
0.76,0.1730767786502838,0.760000847978631,215100,0.11673175267317527,122810672.86997414,199790675.00514722,928.8269409816235,test,xgboost_no_lc,0.0
0.77,0.17595864832401276,0.7699999293351141,217930,0.11770293213417152,125386239.7174741,201742904.79525048,925.7234194248175,test,xgboost_no_lc,0.0
0.78,0.17890016734600067,0.7799990106915973,220760,0.11889382134444645,128262712.31337339,203362752.75567955,921.1938428867528,test,xgboost_no_lc,0.0
0.79,0.18193559348583221,0.7900016252923759,223591,0.12009427928673337,130944405.61327326,205091177.34811628,917.2604324329525,test,xgboost_no_lc,0.0
0.8,0.18505680561065674,0.8000007066488591,226421,0.12122108814995075,133925059.90137318,206484293.73919213,911.9485106911113,test,xgboost_no_lc,0.0
0.81,0.1882825791835785,0.8099997880053422,229251,0.12230699102730196,136521130.64827317,208462096.34787163,909.3181549824063,test,xgboost_no_lc,0.0
0.82,0.1917617917060852,0.8199988693618254,232081,0.12337933738651591,139202290.429873,210338900.95773262,906.3167642234074,test,xgboost_no_lc,0.0
0.83,0.1952565461397171,0.8300014839626041,234912,0.12445085819370658,141649870.15367293,212419643.3321855,904.2519893925619,test,xgboost_no_lc,0.0
0.84,0.19884853065013885,0.8400005653190873,237742,0.12556468777077673,144651469.86067307,213926779.5654724,899.8274581919576,test,xgboost_no_lc,0.0
0.85,0.20285449922084808,0.8499996466755705,240572,0.1267520742231016,147885020.71667314,215083120.04606336,894.048850431735,test,xgboost_no_lc,0.0
0.86,0.20702780783176422,0.8599987280320536,243402,0.12785022308773142,150525440.02937323,217018692.87141076,891.6060380416379,test,xgboost_no_lc,0.0
0.87,0.21159763634204865,0.8700013426328324,246233,0.12899976851193787,153598582.21777326,218429980.2541501,887.0865410166391,test,xgboost_no_lc,0.0
0.88,0.21621237695217133,0.8800004239893154,249063,0.13034051625492346,156729452.87287325,219908608.548406,882.9437072082405,test,xgboost_no_lc,0.0
0.89,0.22119322419166565,0.8899995053457986,251893,0.1316312878881112,159814333.38167322,221481063.0595175,879.2664467036301,test,xgboost_no_lc,0.0
0.9,0.22658103704452515,0.8999985867022817,254723,0.13290515579668896,163234359.8126733,222680359.42701828,874.2059391064737,test,xgboost_no_lc,0.0
0.91,0.23271378874778748,0.9100012013030605,257554,0.13425534062759653,166813974.4695735,223708986.97936255,868.590613927031,test,xgboost_no_lc,0.0
0.92,0.2393115758895874,0.9200002826595437,260384,0.1357111036008357,170193298.85967377,224912163.16549677,863.7710579970227,test,xgboost_no_lc,0.0
0.93,0.24688629806041718,0.9299993640160268,263214,0.13711276755795665,173819644.89567363,225950521.8938378,858.4289661410024,test,xgboost_no_lc,0.0
0.94,0.2550482451915741,0.93999844537251,266044,0.13858985731683482,177398520.56308255,227060082.6598095,853.468158123504,test,xgboost_no_lc,0.0
0.95,0.2645997405052185,0.9500010599732887,268875,0.14001301720130171,181164364.75778258,228175381.39327973,848.6299633408823,test,xgboost_no_lc,0.0
0.96,0.2763955295085907,0.9600001413297718,271705,0.14147696950737013,184898641.5000927,229343878.07195255,844.0914891958283,test,xgboost_no_lc,0.0
0.97,0.2913345694541931,0.9699992226862549,274535,0.14303822827690457,189028642.50469244,229934757.07198724,837.5425977452319,test,xgboost_no_lc,0.0
0.98,0.31090834736824036,0.9799983040427381,277365,0.1447298685847169,193122878.9708922,230709871.17710435,831.7915785232613,test,xgboost_no_lc,0.0
0.99,0.3445857763290405,0.9900009186435168,280196,0.14654384787791402,197884237.58649176,230962868.8938148,824.2903856365359,test,xgboost_no_lc,0.0
1.0,0.6412299871444702,1.0,283026,0.14886264866125373,203683574.33599195,230269432.1312552,813.5981575235321,test,xgboost_no_lc,0.0
0.5,0.11781678348779678,0.5,141513,0.08867736533039368,62950482.31382065,61204428.14756839,432.50039323290713,test,xgboost_no_lc,0.04
0.51,0.11954843997955322,0.5099990813564832,144343,0.08952980054453628,64729585.9270204,62327749.60840306,431.8030635943763,test,xgboost_no_lc,0.04
0.52,0.12125677615404129,0.5200016959572619,147174,0.09055267914169622,66542276.64622052,63304879.246191375,430.1362961269747,test,xgboost_no_lc,0.04
0.53,0.1230020523071289,0.5300007773137451,150004,0.09153089250953308,68480647.71462044,64284930.452080384,428.5547748865389,test,xgboost_no_lc,0.04
0.54,0.12478484213352203,0.5399998586702282,152834,0.0926560843791303,70610370.11482047,64957260.16138,425.0183870171559,test,xgboost_no_lc,0.04
0.55,0.126599982380867,0.5499989400267113,155664,0.09409368897111728,72894674.10092044,65458749.86268851,420.51309141926527,test,xgboost_no_lc,0.04
0.56,0.12846793234348297,0.56000155462749,158495,0.09499353291901953,74943428.9381205,66418472.443036824,419.05720964722434,test,xgboost_no_lc,0.04
0.57,0.13028672337532043,0.5700006359839732,161325,0.09627770029443669,77166770.6818206,67001550.57194178,415.3203196773084,test,xgboost_no_lc,0.04
0.58,0.1322261542081833,0.5799997173404563,164155,0.0972008163016661,79352577.28562082,67769784.71170467,412.84021023852256,test,xgboost_no_lc,0.04
0.59,0.13414187729358673,0.5899987986969395,166985,0.09842800251519597,81716073.86442094,68163447.4253071,408.20102060249184,test,xgboost_no_lc,0.04
0.6,0.13610847294330597,0.6000014132977183,169816,0.09936637301549912,83609826.18382087,69228514.51676944,407.66779641947426,test,xgboost_no_lc,0.04
0.61,0.13805356621742249,0.6100004946542014,172646,0.10043093961053254,85694156.46282116,70001973.72159535,405.4653668292074,test,xgboost_no_lc,0.04
0.62,0.14008675515651703,0.6199995760106846,175476,0.10144977090884223,88083409.41642131,70391410.08433378,401.1455132572761,test,xgboost_no_lc,0.04
0.63,0.14215633273124695,0.6299986573671676,178306,0.10252038630219959,90347760.55352104,70984508.24426466,398.10498942416217,test,xgboost_no_lc,0.04
0.64,0.14425764977931976,0.6400012719679464,181137,0.1035072900622181,92615616.46312094,71638813.99595065,395.49519974356787,test,xgboost_no_lc,0.04
0.65,0.14634576439857483,0.6500003533244295,183967,0.10468725369223829,94994532.04712075,72088164.83714591,391.8537826737725,test,xgboost_no_lc,0.04
0.66,0.14848819375038147,0.6599994346809127,186797,0.10577793005240983,97457966.30012053,72577768.76038249,388.5381925854403,test,xgboost_no_lc,0.04
0.67,0.15065526962280273,0.6699985160373959,189627,0.10699425714692527,100065205.6128206,72822171.65944287,384.0284962555062,test,xgboost_no_lc,0.04
0.68,0.15295447409152985,0.6800011306381746,192458,0.10812229161687226,102478857.59017433,73272296.1935887,380.7183707281002,test,xgboost_no_lc,0.04
0.69,0.15525972843170166,0.6900002119946578,195288,0.10928474867887428,104970602.22327428,73616967.15595987,376.96615847343344,test,xgboost_no_lc,0.04
0.7,0.1575871706008911,0.6999992933511409,198118,0.11009600339191795,106995202.89177434,74686032.51946858,376.9775210706174,test,xgboost_no_lc,0.04
0.71,0.16005608439445496,0.7099983747076241,200948,0.11131735573382169,109649884.85487424,74843906.16921893,372.4540984195858,test,xgboost_no_lc,0.04
0.72,0.1624680757522583,0.7200009893084027,203779,0.11244043792539958,112132174.75457424,75366882.99216902,369.84617154941884,test,xgboost_no_lc,0.04
0.73,0.1650405079126358,0.7300000706648859,206609,0.11334453000595328,114746124.3424744,75833884.22955343,367.0405656556754,test,xgboost_no_lc,0.04
0.74,0.16763293743133545,0.739999152021369,209439,0.11433878122030758,117307308.77317414,76231769.59352286,363.98077527835244,test,xgboost_no_lc,0.04
0.75,0.17034222185611725,0.7500017666221478,212270,0.11556508220662363,120150770.04117411,76335448.1426557,359.61486852902294,test,xgboost_no_lc,0.04
0.76,0.1730767786502838,0.760000847978631,215100,0.11673175267317527,122810672.86997414,76743710.77651389,356.78154707816776,test,xgboost_no_lc,0.04
0.77,0.17595864832401276,0.7699999293351141,217930,0.11770293213417152,125386239.7174741,77214950.56955045,354.31079048111985,test,xgboost_no_lc,0.04
0.78,0.17890016734600067,0.7799990106915973,220760,0.11889382134444645,128262712.31337339,77305647.56311288,350.17959577420226,test,xgboost_no_lc,0.04
0.79,0.18193559348583221,0.7900016252923759,223591,0.12009427928673337,130944405.61327326,77541148.35261628,346.799058784192,test,xgboost_no_lc,0.04
0.8,0.18505680561065674,0.8000007066488591,226421,0.12122108814995075,133925059.90137318,77474634.53882547,342.17071092710245,test,xgboost_no_lc,0.04
0.81,0.1882825791835785,0.8099997880053422,229251,0.12230699102730196,136521130.64827317,77941019.07953829,339.98115201040906,test,xgboost_no_lc,0.04
0.82,0.1917617917060852,0.8199988693618254,232081,0.12337933738651591,139202290.429873,78326877.59208262,337.49801833016323,test,xgboost_no_lc,0.04
0.83,0.1952565461397171,0.8300014839626041,234912,0.12445085819370658,141649870.15367293,78922327.12815216,335.96549826382716,test,xgboost_no_lc,0.04
0.84,0.19884853065013885,0.8400005653190873,237742,0.12556468777077673,144651469.86067307,78943068.47840574,332.0535222148621,test,xgboost_no_lc,0.04
0.85,0.20285449922084808,0.8499996466755705,240572,0.1267520742231016,147885020.71667314,78639564.69433004,326.8857751289844,test,xgboost_no_lc,0.04
0.86,0.20702780783176422,0.8599987280320536,243402,0.12785022308773142,150525440.02937323,79077073.98772743,324.88259746315737,test,xgboost_no_lc,0.04
0.87,0.21159763634204865,0.8700013426328324,246233,0.12899976851193787,153598582.21777326,79021443.3634501,320.92141737074274,test,xgboost_no_lc,0.04
0.88,0.21621237695217133,0.8800004239893154,249063,0.13034051625492346,156729452.87287325,78965865.23720601,317.05177098648136,test,xgboost_no_lc,0.04
0.89,0.22119322419166565,0.8899995053457986,251893,0.1316312878881112,159814333.38167322,79011908.73450083,313.6725067171411,test,xgboost_no_lc,0.04
0.9,0.22658103704452515,0.8999985867022817,254723,0.13290515579668896,163234359.8126733,78719291.56813496,309.03880516535594,test,xgboost_no_lc,0.04
0.91,0.23271378874778748,0.9100012013030605,257554,0.13425534062759653,166813974.4695735,78228865.91874586,303.737724588808,test,xgboost_no_lc,0.04
0.92,0.2393115758895874,0.9200002826595437,260384,0.1357111036008357,170193298.85967377,77928383.57194677,299.2825349174556,test,xgboost_no_lc,0.04
0.93,0.24688629806041718,0.9299993640160268,263214,0.13711276755795665,173819644.89567363,77443489.92752112,294.2225334804422,test,xgboost_no_lc,0.04
0.94,0.2550482451915741,0.93999844537251,266044,0.13858985731683482,177398520.56308255,77027226.6141095,289.5281480285573,test,xgboost_no_lc,0.04
0.95,0.2645997405052185,0.9500010599732887,268875,0.14001301720130171,181164364.75778258,76567270.04656304,284.7690192340792,test,xgboost_no_lc,0.04
0.96,0.2763955295085907,0.9600001413297718,271705,0.14147696950737013,184898641.5000927,76165688.70331922,280.3249432410858,test,xgboost_no_lc,0.04
0.97,0.2913345694541931,0.9699992226862549,274535,0.14303822827690457,189028642.50469244,75220776.42085391,273.99339399659027,test,xgboost_no_lc,0.04
0.98,0.31090834736824036,0.9799983040427381,277365,0.1447298685847169,193122878.9708922,74412668.29987103,268.2842763141385,test,xgboost_no_lc,0.04
0.99,0.3445857763290405,0.9900009186435168,280196,0.14654384787791402,197884237.58649176,73032498.67064811,260.64789886596566,test,xgboost_no_lc,0.04
1.0,0.6412299871444702,1.0,283026,0.14886264866125373,203683574.33599195,70651831.10225518,249.63017921411878,test,xgboost_no_lc,0.04
0.5,0.11717407738299773,0.5,141513,0.0825365867446807,55671820.99424195,135784928.3956458,959.5226473585169,test,lc_subgrade_rank,0.0
0.51,0.13207909387598388,0.5099990813564832,144343,0.08386967154624748,57615479.148342095,138078224.3303833,956.5979945711485,test,lc_subgrade_rank,0.0
0.52,0.13207909387598388,0.5200016959572619,147174,0.0850829630233601,59507745.14164187,140639549.89962792,955.6005129956917,test,lc_subgrade_rank,0.0
0.53,0.13207909387598388,0.5300007773137451,150004,0.08641769552811925,61366438.87804188,143018095.03781688,953.428542157655,test,lc_subgrade_rank,0.0
0.54,0.13207909387598388,0.5399998586702282,152834,0.08745436224923774,63219652.54554199,145452628.85980862,951.7033438881965,test,lc_subgrade_rank,0.0
0.55,0.13207909387598388,0.5499989400267113,155664,0.08854327268989619,65194601.60144198,148037126.26536483,951.00425445424,test,lc_subgrade_rank,0.0
0.56,0.13207909387598388,0.56000155462749,158495,0.08956749424272059,67160456.78821984,150487561.33538735,949.4782884973491,test,lc_subgrade_rank,0.0
0.57,0.13207909387598388,0.5700006359839732,161325,0.09070509840384318,69221147.45122007,152562697.62496105,945.6854029131322,test,lc_subgrade_rank,0.0
0.58,0.13836819704790365,0.5799997173404563,164155,0.09185221284761354,71091061.47942036,155131356.58287466,945.029737643536,test,lc_subgrade_rank,0.0
0.59,0.13836819704790365,0.5899987986969395,166985,0.09303829685301075,73305301.37492007,157339784.83064252,942.2390324319102,test,lc_subgrade_rank,0.0
0.6,0.13836819704790365,0.6000014132977183,169816,0.09416662740848919,75300516.32632005,159725897.92736918,940.5821473086704,test,lc_subgrade_rank,0.0
0.61,0.13836819704790365,0.6100004946542014,172646,0.09527588244152775,77327210.78992024,162220158.01606554,939.6114477952895,test,lc_subgrade_rank,0.0
0.62,0.13836819704790365,0.6199995760106846,175476,0.09652032186737787,79575388.1473203,164398077.27334854,936.8692999233431,test,lc_subgrade_rank,0.0
0.63,0.13836819704790365,0.6299986573671676,178306,0.09789350891164628,82026455.14012036,166250268.79428482,932.3874058881071,test,lc_subgrade_rank,0.0
0.64,0.14836795252225518,0.6400012719679464,181137,0.09932261216648172,84661851.51592028,167785083.48675054,926.2882982866589,test,lc_subgrade_rank,0.0
0.65,0.14836795252225518,0.6500003533244295,183967,0.10055064223474862,86884552.76822029,170082356.56390738,924.5264453076225,test,lc_subgrade_rank,0.0
0.66,0.14836795252225518,0.6599994346809127,186797,0.10191277161838788,89169695.25777434,172123682.46606869,921.4477880590624,test,lc_subgrade_rank,0.0
0.67,0.14836795252225518,0.6699985160373959,189627,0.10317623545170256,91533013.86637433,174066160.479959,917.9397473986247,test,lc_subgrade_rank,0.0
0.68,0.14836795252225518,0.6800011306381746,192458,0.10422014153737438,93859149.21637416,176225698.36781093,915.6579532563517,test,lc_subgrade_rank,0.0
0.69,0.14836795252225518,0.6900002119946578,195288,0.10539306050550981,96078299.03097415,178526111.6263545,914.1683648066163,test,lc_subgrade_rank,0.0
0.7,0.14836795252225518,0.6999992933511409,198118,0.10648704307533893,98548959.43147437,180475928.43023142,910.951697625816,test,lc_subgrade_rank,0.0
0.71,0.16839480246751543,0.7099983747076241,200948,0.10767462229034377,101003907.50397441,182677554.05545026,909.07873706357,test,lc_subgrade_rank,0.0
0.72,0.16839480246751543,0.7200009893084027,203779,0.10873544378959558,103303618.0015744,185284055.10955936,909.2401823031782,test,lc_subgrade_rank,0.0
0.73,0.16839480246751543,0.7300000706648859,206609,0.10988388695555373,105746964.54527429,187574018.48138702,907.8695433470324,test,lc_subgrade_rank,0.0
0.74,0.16839480246751543,0.739999152021369,209439,0.11110156179126142,108380372.98897439,189928024.54557797,906.8417274031005,test,lc_subgrade_rank,0.0
0.75,0.16839480246751543,0.7500017666221478,212270,0.1122956611862251,111162279.89887452,191844787.506632,903.7772059482357,test,lc_subgrade_rank,0.0
0.76,0.17432293452176895,0.760000847978631,215100,0.11358437935843793,113960442.9261742,193837670.64538747,901.1514209455485,test,lc_subgrade_rank,0.0
0.77,0.17432293452176895,0.7699999293351141,217930,0.1150690588721149,116912511.4865742,195693235.05886668,897.9637271548969,test,lc_subgrade_rank,0.0
0.78,0.17432293452176895,0.7799990106915973,220760,0.11654285196593586,119813566.15767422,197726122.7663482,895.6610018406786,test,lc_subgrade_rank,0.0
0.79,0.17432293452176895,0.7900016252923759,223591,0.11793855745535375,122938153.4634741,199571491.57826874,892.5739031457829,test,lc_subgrade_rank,0.0
0.8,0.1752852274411024,0.8000007066488591,226421,0.11914089240838968,125820036.36607413,201473450.1895375,889.8178622545502,test,lc_subgrade_rank,0.0
0.81,0.1752852274411024,0.8099997880053422,229251,0.12033971498488556,128626259.63127425,203682729.54585516,888.4704081807938,test,lc_subgrade_rank,0.0
0.82,0.1752852274411024,0.8199988693618254,232081,0.12151360947255484,131501656.18797435,205582985.34016886,885.8242826434256,test,lc_subgrade_rank,0.0
0.83,0.1752852274411024,0.8300014839626041,234912,0.12254376106797439,134406525.3738746,207967802.76808348,885.3008904103813,test,lc_subgrade_rank,0.0
0.84,0.1752852274411024,0.8400005653190873,237742,0.12382330425419152,137681260.42967457,209607904.56237546,881.6612317654241,test,lc_subgrade_rank,0.0
0.85,0.19795330988167573,0.8499996466755705,240572,0.12496051078263472,140505075.53587437,211743238.33081132,880.1657646393235,test,lc_subgrade_rank,0.0
0.86,0.19795330988167573,0.8599987280320536,243402,0.12626436923279183,143785645.36087444,213508570.2256091,877.1849459971943,test,lc_subgrade_rank,0.0
0.87,0.19795330988167573,0.8700013426328324,246233,0.12748088192890475,146975527.83537465,215404260.71975595,874.7985067791724,test,lc_subgrade_rank,0.0
0.88,0.19882205961092272,0.8800004239893154,249063,0.12879070757197977,150563215.78077435,216944485.4024158,871.0426093093547,test,lc_subgrade_rank,0.0
0.89,0.19882205961092272,0.8899995053457986,251893,0.13019019980706092,153968266.56697413,218807982.0051642,868.654476325917,test,lc_subgrade_rank,0.0
0.9,0.19882205961092272,0.8999985867022817,254723,0.131676370017627,157719989.7414742,220358648.85018852,865.0912907361665,test,lc_subgrade_rank,0.0
0.91,0.2010524007893006,0.9100012013030605,257554,0.13305559222531974,161610614.20337394,221874171.10106695,861.4666093365545,test,lc_subgrade_rank,0.0
0.92,0.2010524007893006,0.9200002826595437,260384,0.13441686125107533,165122796.99377364,224177171.63977057,860.948336456044,test,lc_subgrade_rank,0.0
0.93,0.20167427701674276,0.9299993640160268,263214,0.13600720326426405,169345137.02738267,225277681.11018384,855.8727161556142,test,lc_subgrade_rank,0.0
0.94,0.20167427701674276,0.93999844537251,266044,0.13760505780998633,174014860.86818272,226645401.4760104,851.9094641337914,test,lc_subgrade_rank,0.0
0.95,0.2139673105497771,0.9500010599732887,268875,0.13958530915853093,179132572.1229827,227176766.6731761,844.9159151024681,test,lc_subgrade_rank,0.0
0.96,0.2139673105497771,0.9600001413297718,271705,0.14132607055446164,184082002.24418247,228216461.7834749,839.9420760879442,test,lc_subgrade_rank,0.0
0.97,0.21572260455267336,0.9699992226862549,274535,0.1429289525925656,188431310.17228225,229398867.53227636,835.5906078724985,test,lc_subgrade_rank,0.0
0.98,0.2278393351800554,0.9799983040427381,277365,0.1445027310583527,192764993.56938213,230463992.92586565,830.9050995109897,test,lc_subgrade_rank,0.0
0.99,0.23156342182890854,0.9900009186435168,280196,0.14644034889862811,198082015.38198227,230685864.0385025,823.301774609568,test,lc_subgrade_rank,0.0
1.0,0.7142857142857143,1.0,283026,0.14886264866125373,203683574.33599195,230269432.1312552,813.5981575235321,test,lc_subgrade_rank,0.0
0.5,0.11717407738299773,0.5,141513,0.0825365867446807,55671820.99424195,49659520.38404578,350.9184342360474,test,lc_subgrade_rank,0.04
0.51,0.13207909387598388,0.5099990813564832,144343,0.08386967154624748,57615479.148342095,50467993.535066664,349.6393558057312,test,lc_subgrade_rank,0.04
0.52,0.13207909387598388,0.5200016959572619,147174,0.0850829630233601,59507745.14164187,51534086.84799459,350.1575471754154,test,lc_subgrade_rank,0.04
0.53,0.13207909387598388,0.5300007773137451,150004,0.08641769552811925,61366438.87804188,52455022.01065019,349.6908216490906,test,lc_subgrade_rank,0.04
0.54,0.13207909387598388,0.5399998586702282,152834,0.08745436224923774,63219652.54554199,53436721.26064198,349.63896293129784,test,lc_subgrade_rank,0.04
0.55,0.13207909387598388,0.5499989400267113,155664,0.08854327268989619,65194601.60144198,54477361.0909815,349.96762958025937,test,lc_subgrade_rank,0.04
0.56,0.13207909387598388,0.56000155462749,158495,0.08956749424272059,67160456.78821984,55424022.31812068,349.6894054583468,test,lc_subgrade_rank,0.04
0.57,0.13207909387598388,0.5700006359839732,161325,0.09070509840384318,69221147.45122007,56043073.48731105,347.3923662625821,test,lc_subgrade_rank,0.04
0.58,0.13836819704790365,0.5799997173404563,164155,0.09185221284761354,71091061.47942036,57160623.36550799,348.2112842466449,test,lc_subgrade_rank,0.04
0.59,0.13836819704790365,0.5899987986969395,166985,0.09303829685301075,73305301.37492007,57951658.99684251,347.047094031455,test,lc_subgrade_rank,0.04
0.6,0.13836819704790365,0.6000014132977183,169816,0.09416662740848919,75300516.32632005,58907362.50451919,346.8893537977528,test,lc_subgrade_rank,0.04
0.61,0.13836819704790365,0.6100004946542014,172646,0.09527588244152775,77327210.78992024,59928269.58666552,347.11646714470953,test,lc_subgrade_rank,0.04
0.62,0.13836819704790365,0.6199995760106846,175476,0.09652032186737787,79575388.1473203,60671563.50971522,345.75419721053146,test,lc_subgrade_rank,0.04
0.63,0.13836819704790365,0.6299986573671676,178306,0.09789350891164628,82026455.14012036,61061760.24713483,342.454882321037,test,lc_subgrade_rank,0.04
0.64,0.14836795252225518,0.6400012719679464,181137,0.09932261216648172,84661851.51592028,61167728.16255054,337.687651681051,test,lc_subgrade_rank,0.04
0.65,0.14836795252225518,0.6500003533244295,183967,0.10055064223474862,86884552.76822029,62024907.907207415,337.15235834256913,test,lc_subgrade_rank,0.04
0.66,0.14836795252225518,0.6599994346809127,186797,0.10191277161838788,89169695.25777434,62664370.615352005,335.46775705901064,test,lc_subgrade_rank,0.04
0.67,0.14836795252225518,0.6699985160373959,189627,0.10317623545170256,91533013.86637433,63203130.99907568,333.3023830945787,test,lc_subgrade_rank,0.04
0.68,0.14836795252225518,0.6800011306381746,192458,0.10422014153737438,93859149.21637416,63915573.82136093,332.1014134063584,test,lc_subgrade_rank,0.04
0.69,0.14836795252225518,0.6900002119946578,195288,0.10539306050550981,96078299.03097415,64749914.93295449,331.5611554880714,test,lc_subgrade_rank,0.04
0.7,0.14836795252225518,0.6999992933511409,198118,0.10648704307533893,98548959.43147437,65261877.91876477,329.40912950244183,test,lc_subgrade_rank,0.04
0.71,0.16839480246751543,0.7099983747076241,200948,0.10767462229034377,101003907.50397441,66005785.17283358,328.4719687323764,test,lc_subgrade_rank,0.04
0.72,0.16839480246751543,0.7200009893084027,203779,0.10873544378959558,103303618.0015744,67111991.66037603,329.33713317062126,test,lc_subgrade_rank,0.04
0.73,0.16839480246751543,0.7300000706648859,206609,0.10988388695555373,105746964.54527429,67950278.67372036,328.8834400908013,test,lc_subgrade_rank,0.04
0.74,0.16839480246751543,0.739999152021369,209439,0.11110156179126142,108380372.98897439,68756627.85832797,328.28951560276727,test,lc_subgrade_rank,0.04
0.75,0.16839480246751543,0.7500017666221478,212270,0.1122956611862251,111162279.89887452,69194070.63189864,325.97197263814314,test,lc_subgrade_rank,0.04
0.76,0.17432293452176895,0.760000847978631,215100,0.11358437935843793,113960442.9261742,69743304.5396708,324.23665522859505,test,lc_subgrade_rank,0.04
0.77,0.17432293452176895,0.7699999293351141,217930,0.1150690588721149,116912511.4865742,70186962.19026665,322.0619565469034,test,lc_subgrade_rank,0.04
0.78,0.17432293452176895,0.7799990106915973,220760,0.11654285196593586,119813566.15767422,70787121.16793156,320.65193498791245,test,lc_subgrade_rank,0.04
0.79,0.17432293452176895,0.7900016252923759,223591,0.11793855745535375,122938153.4634741,71162519.95670208,318.2709498893161,test,lc_subgrade_rank,0.04
0.8,0.1752852274411024,0.8000007066488591,226421,0.11914089240838968,125820036.36607413,71625260.47562085,316.3366493197223,test,lc_subgrade_rank,0.04
0.81,0.1752852274411024,0.8099997880053422,229251,0.12033971498488556,128626259.63127425,72309430.31158851,315.41598645846045,test,lc_subgrade_rank,0.04
0.82,0.1752852274411024,0.8199988693618254,232081,0.12151360947255484,131501656.18797435,72760078.72613552,313.51157021098464,test,lc_subgrade_rank,0.04
0.83,0.1752852274411024,0.8300014839626041,234912,0.12254376106797439,134406525.3738746,73557461.5042335,313.1277308278568,test,lc_subgrade_rank,0.04
0.84,0.1752852274411024,0.8400005653190873,237742,0.12382330425419152,137681260.42967457,73661127.29984212,309.83640795417773,test,lc_subgrade_rank,0.04
0.85,0.19795330988167573,0.8499996466755705,240572,0.12496051078263472,140505075.53587437,74324815.099428,308.95039779952776,test,lc_subgrade_rank,0.04
0.86,0.19795330988167573,0.8599987280320536,243402,0.12626436923279183,143785645.36087444,74656462.96530908,306.7208279525603,test,lc_subgrade_rank,0.04
0.87,0.19795330988167573,0.8700013426328324,246233,0.12748088192890475,146975527.83537465,75143213.6899226,305.1711740096681,test,lc_subgrade_rank,0.04
0.88,0.19882205961092272,0.8800004239893154,249063,0.12879070757197977,150563215.78077435,75204735.26611578,301.95065210856603,test,lc_subgrade_rank,0.04
0.89,0.19882205961092272,0.8899995053457986,251893,0.13019019980706092,153968266.56697413,75612209.89454754,300.175907605799,test,lc_subgrade_rank,0.04
0.9,0.19882205961092272,0.8999985867022817,254723,0.131676370017627,157719989.7414742,75708657.49502185,297.21955808867614,test,lc_subgrade_rank,0.04
0.91,0.2010524007893006,0.9100012013030605,257554,0.13305559222531974,161610614.20337394,75733405.41331697,294.04864771394335,test,lc_subgrade_rank,0.04
0.92,0.2010524007893006,0.9200002826595437,260384,0.13441686125107533,165122796.99377364,76485811.88758722,293.7423646905617,test,lc_subgrade_rank,0.04
0.93,0.20167427701674276,0.9299993640160268,263214,0.13600720326426405,169345137.02738267,76105611.92553383,289.13968073709543,test,lc_subgrade_rank,0.04
0.94,0.20167427701674276,0.93999844537251,266044,0.13760505780998633,174014860.86818272,75873618.20889375,285.19199158369946,test,lc_subgrade_rank,0.04
0.95,0.2139673105497771,0.9500010599732887,268875,0.13958530915853093,179132572.1229827,74905342.27835944,278.5879768604721,test,lc_subgrade_rank,0.04
0.96,0.2139673105497771,0.9600001413297718,271705,0.14132607055446164,184082002.24418247,74331180.90564156,273.5731065149392,test,lc_subgrade_rank,0.04
0.97,0.21572260455267336,0.9699992226862549,274535,0.1429289525925656,188431310.17228225,74042348.77955969,269.70094443171064,test,lc_subgrade_rank,0.04
0.98,0.2278393351800554,0.9799983040427381,277365,0.1445027310583527,192764993.56938213,73645472.00258233,265.5182593426796,test,lc_subgrade_rank,0.04
0.99,0.23156342182890854,0.9900009186435168,280196,0.14644034889862811,198082015.38198227,72413106.41163586,258.43733105267694,test,lc_subgrade_rank,0.04
1.0,0.7142857142857143,1.0,283026,0.14886264866125373,203683574.33599195,70651831.10225518,249.63017921411878,test,lc_subgrade_rank,0.04
