model,cof_rate,policy,approval_rate,n_approved,default_rate,dollar_loss,total_profit,profit_per_loan,chosen_on_2014_approval,chosen_on_2014_pd_cutoff,valid_approval_at_pd_cutoff,loss_cut_vs_all,profit_vs_all
xgboost_with_lc,0.0,Approve everyone,1.0,283026,0.14886264866125373,203683574.33599195,230269432.1312552,813.5981575235321,1.0,0.6187079548835754,1.0,0.0,1.0
xgboost_with_lc,0.0,Decline grades E-G (LC grade rule),0.9609611837781687,271977,0.14097147920596226,183218226.78948236,228793496.93864357,841.2236951604127,1.0,0.6187079548835754,1.0,0.10047618033622296,0.9935903989559051
xgboost_with_lc,0.0,"Model, same approval rate as E-G rule",0.9609611837781687,271977,0.14065159921611017,183535949.43669274,229912959.39983183,845.3397140193172,1.0,0.6187079548835754,1.0,0.09891629683434422,0.9984519320340348
xgboost_with_lc,0.0,PD cutoff chosen on 2014,1.0,283026,0.14886264866125373,203683574.33599195,230269432.1312552,813.5981575235321,1.0,0.6187079548835754,1.0,0.0,1.0
xgboost_with_lc,0.0,Approval-rate cutoff chosen on 2014,1.0,283026,0.14886264866125373,203683574.33599195,230269432.1312552,813.5981575235321,1.0,0.6187079548835754,1.0,0.0,1.0
xgboost_with_lc,0.0,Best possible 2015 cutoff (hindsight),0.9900009186435168,280196,0.1464332110379877,197693358.75929257,231027182.73244342,824.5199172452262,1.0,0.6187079548835754,1.0,0.029409418978567414,1.0032907129451567
xgboost_with_lc,0.04,Approve everyone,1.0,283026,0.14886264866125373,203683574.33599195,70651831.10225518,249.63017921411878,0.99,0.35056376457214355,0.9899981546410777,0.0,1.0
xgboost_with_lc,0.04,Decline grades E-G (LC grade rule),0.9609611837781687,271977,0.14097147920596226,183218226.78948236,74966335.82377689,275.6348361213518,0.99,0.35056376457214355,0.9899981546410777,0.10047618033622296,1.061067132361754
xgboost_with_lc,0.04,"Model, same approval rate as E-G rule",0.9609611837781687,271977,0.14065159921611017,183535949.43669274,76427585.72741516,281.00753272304337,0.99,0.35056376457214355,0.9899981546410777,0.09891629683434422,1.0817495390430951
xgboost_with_lc,0.04,PD cutoff chosen on 2014,0.9903224438744144,280287,0.14649270212318088,197832265.32689258,72980083.92604691,260.3762712007582,0.99,0.35056376457214355,0.9899981546410777,0.02872744661995752,1.0329538921704948
xgboost_with_lc,0.04,Approval-rate cutoff chosen on 2014,0.9900009186435168,280196,0.1464332110379877,197693358.75929257,72972451.06314342,260.4335931388864,0.99,0.35056376457214355,0.9899981546410777,0.029409418978567414,1.0328458572790502
xgboost_with_lc,0.04,Best possible 2015 cutoff (hindsight),0.8800004239893154,249063,0.12728907946985302,151686002.01627448,80373799.88797936,322.7046967553565,0.99,0.35056376457214355,0.9899981546410777,0.255286036143216,1.1376039181723892
xgboost_no_lc,0.0,Approve everyone,1.0,283026,0.14886264866125373,203683574.33599195,230269432.1312552,813.5981575235321,1.0,0.7309451103210449,1.0,0.0,1.0
xgboost_no_lc,0.0,Decline grades E-G (LC grade rule),0.9609611837781687,271977,0.14097147920596226,183218226.78948236,228793496.93864357,841.2236951604127,1.0,0.7309451103210449,1.0,0.10047618033622296,0.9935903989559051
xgboost_no_lc,0.0,"Model, same approval rate as E-G rule",0.9609611837781687,271977,0.1416847748155175,185347200.88029262,229327196.6116144,843.1859922405733,1.0,0.7309451103210449,1.0,0.09002382011154242,0.9959081172393576
xgboost_no_lc,0.0,PD cutoff chosen on 2014,1.0,283026,0.14886264866125373,203683574.33599195,230269432.1312552,813.5981575235321,1.0,0.7309451103210449,1.0,0.0,1.0
xgboost_no_lc,0.0,Approval-rate cutoff chosen on 2014,1.0,283026,0.14886264866125373,203683574.33599195,230269432.1312552,813.5981575235321,1.0,0.7309451103210449,1.0,0.0,1.0
xgboost_no_lc,0.0,Best possible 2015 cutoff (hindsight),0.9900009186435168,280196,0.14654384787791402,197884237.58649176,230962868.8938148,824.2903856365359,1.0,0.7309451103210449,1.0,0.02847228485854103,1.0030114147420328
xgboost_no_lc,0.04,Approve everyone,1.0,283026,0.14886264866125373,203683574.33599195,70651831.10225518,249.63017921411878,0.99,0.3430559039115906,0.9899981546410777,0.0,1.0
xgboost_no_lc,0.04,Decline grades E-G (LC grade rule),0.9609611837781687,271977,0.14097147920596226,183218226.78948236,74966335.82377689,275.6348361213518,0.99,0.3430559039115906,0.9899981546410777,0.10047618033622296,1.061067132361754
xgboost_no_lc,0.04,"Model, same approval rate as E-G rule",0.9609611837781687,271977,0.1416847748155175,185347200.88029262,75995883.58508109,279.4202582758141,0.99,0.3430559039115906,0.9899981546410777,0.09002382011154242,1.0756392636885999
xgboost_no_lc,0.04,PD cutoff chosen on 2014,0.989665260435437,280101,0.14648644596056423,197733000.3696918,73075554.41702017,260.8900161620993,0.99,0.3430559039115906,0.9899981546410777,0.029214795477244593,1.034305173368502
xgboost_no_lc,0.04,Approval-rate cutoff chosen on 2014,0.9900009186435168,280196,0.14654384787791402,197884237.58649176,73032498.67064811,260.64789886596566,0.99,0.3430559039115906,0.9899981546410777,0.02847228485854103,1.0336957660014128
xgboost_no_lc,0.04,Best possible 2015 cutoff (hindsight),0.8599987280320536,243402,0.12785022308773142,150525440.02937323,79077073.98772743,324.88259746315737,0.99,0.3430559039115906,0.9899981546410777,0.2609839034881145,1.1192501702224575
lc_subgrade_rank,0.0,Approve everyone,1.0,283026,0.14886264866125373,203683574.33599195,230269432.1312552,813.5981575235321,1.0,0.7142857142857143,1.0,0.0,1.0
lc_subgrade_rank,0.0,Decline grades E-G (LC grade rule),0.9609611837781687,271977,0.14097147920596226,183218226.78948236,228793496.93864357,841.2236951604127,1.0,0.7142857142857143,1.0,0.10047618033622296,0.9935903989559051
lc_subgrade_rank,0.0,"Model, same approval rate as E-G rule",0.9609611837781687,271977,0.14153770355581538,184500470.44368237,228230385.74429995,839.1532583428009,1.0,0.7142857142857143,1.0,0.09418090759083764,0.991144954117084
lc_subgrade_rank,0.0,PD cutoff chosen on 2014,1.0,283026,0.14886264866125373,203683574.33599195,230269432.1312552,813.5981575235321,1.0,0.7142857142857143,1.0,0.0,1.0
lc_subgrade_rank,0.0,Approval-rate cutoff chosen on 2014,1.0,283026,0.14886264866125373,203683574.33599195,230269432.1312552,813.5981575235321,1.0,0.7142857142857143,1.0,0.0,1.0
lc_subgrade_rank,0.0,Best possible 2015 cutoff (hindsight),0.9900009186435168,280196,0.14644034889862811,198082015.38198227,230685864.0385025,823.301774609568,1.0,0.7142857142857143,1.0,0.027501279728965655,1.0018084550059165
lc_subgrade_rank,0.04,Approve everyone,1.0,283026,0.14886264866125373,203683574.33599195,70651831.10225518,249.63017921411878,1.0,0.7142857142857143,1.0,0.0,1.0
lc_subgrade_rank,0.04,Decline grades E-G (LC grade rule),0.9609611837781687,271977,0.14097147920596226,183218226.78948236,74966335.82377689,275.6348361213518,1.0,0.7142857142857143,1.0,0.10047618033622296,1.061067132361754
lc_subgrade_rank,0.04,"Model, same approval rate as E-G rule",0.9609611837781687,271977,0.14153770355581538,184500470.44368237,74223540.77723327,272.90374104146036,1.0,0.7142857142857143,1.0,0.09418090759083764,1.0505536745368809
lc_subgrade_rank,0.04,PD cutoff chosen on 2014,1.0,283026,0.14886264866125373,203683574.33599195,70651831.10225518,249.63017921411878,1.0,0.7142857142857143,1.0,0.0,1.0
lc_subgrade_rank,0.04,Approval-rate cutoff chosen on 2014,1.0,283026,0.14886264866125373,203683574.33599195,70651831.10225518,249.63017921411878,1.0,0.7142857142857143,1.0,0.0,1.0
lc_subgrade_rank,0.04,Best possible 2015 cutoff (hindsight),0.9200002826595437,260384,0.13441686125107533,165122796.99377364,76485811.88758722,293.7423646905617,1.0,0.7142857142857143,1.0,0.1893170692233106,1.0825736671550446
