features,train_years,n_train,model,valid_roc_auc,valid_pr_auc,valid_mean_pd,valid_actual_dr
without LC grade/rate,2007-2013,172988,logistic,0.6524414887121871,0.21792271320345233,0.13084614023693586,0.13726394783785445
without LC grade/rate,2007-2013,172988,xgboost,0.661490361498897,0.22318517213272876,0.1314830482006073,0.13726394783785445
without LC grade/rate,2010-2013,166459,logistic,0.6527225222347762,0.21810689843372275,0.1311798552915446,0.13726394783785445
without LC grade/rate,2010-2013,166459,xgboost,0.6621416420283681,0.2242068191199289,0.13135923445224762,0.13726394783785445
without LC grade/rate,2012-2013,143892,logistic,0.653189563744977,0.2183036607241364,0.13140146505889458,0.13726394783785445
without LC grade/rate,2012-2013,143892,xgboost,0.6618668268137099,0.22426025952739573,0.13132256269454956,0.13726394783785445
with LC grade/rate,2007-2013,172988,logistic,0.6725215453530422,0.2345919505221043,0.12201347044666502,0.13726394783785445
with LC grade/rate,2007-2013,172988,xgboost,0.6783438769176975,0.23669357224575838,0.12611816823482513,0.13726394783785445
with LC grade/rate,2010-2013,166459,logistic,0.6722630721276832,0.23465511553052362,0.1209849789962284,0.13726394783785445
with LC grade/rate,2010-2013,166459,xgboost,0.6785586250094885,0.23750239008132176,0.12440802901983261,0.13726394783785445
with LC grade/rate,2012-2013,143892,logistic,0.6721987492884208,0.2344265043289848,0.11806449210375332,0.13726394783785445
with LC grade/rate,2012-2013,143892,xgboost,0.6788925793295755,0.23861022100079665,0.12473196536302567,0.13726394783785445
