max_depth,min_child_weight,scale_pos_weight,best_n_trees,valid_roc_auc,valid_mean_pd
3,50,1.0,858,0.6630863973291885,0.13212739
4,50,1.0,477,0.6629158739251966,0.13169979
6,50,1.0,347,0.662557895951065,0.13167407
5,50,1.0,375,0.6623711871177824,0.1318321
3,50,7.04,809,0.6622422658616915,0.477811
4,1,1.0,533,0.6621377350573796,0.1317336
4,50,7.04,541,0.6619785724783337,0.473625
3,1,1.0,698,0.6618682770706054,0.13179481
5,1,1.0,308,0.6615037299663197,0.13135728
5,50,7.04,324,0.6614930365982263,0.4720113
6,1,1.0,252,0.6614647158512128,0.13097833
4,1,7.04,358,0.6612338820173201,0.47497848
6,50,7.04,245,0.6609811617332545,0.46769667
3,1,7.04,473,0.6609735695313711,0.47943857
5,1,7.04,232,0.6600657074368073,0.47249722
6,1,7.04,157,0.6591385394163745,0.46963948
