model,feature,gain_share
xgboost_no_lc,fico_mid,0.23781708475685118
xgboost_no_lc,annual_inc,0.13704981488290277
xgboost_no_lc,loan_to_income,0.07894841928501169
xgboost_no_lc,purpose,0.077885937154186
xgboost_no_lc,inq_last_6mths,0.07116239483699897
xgboost_no_lc,dti,0.05532073436641993
xgboost_no_lc,revol_bal,0.05003029360383177
xgboost_no_lc,revol_util,0.04841133213198879
xgboost_no_lc,credit_history_months,0.04642231512843062
xgboost_no_lc,loan_amnt,0.041719950823486875
xgboost_no_lc,mort_acc,0.0403341094454944
xgboost_no_lc,emp_length_yrs,0.0367404171480086
xgboost_no_lc,total_acc,0.02517908062506113
xgboost_no_lc,open_acc,0.022570302452348614
xgboost_no_lc,home_ownership,0.014676433648248463
xgboost_no_lc,verification_status,0.005556863678107661
xgboost_no_lc,pub_rec_bankruptcies,0.005090899277420453
xgboost_no_lc,pub_rec,0.0029017820291492593
xgboost_no_lc,delinq_2yrs,0.00218183472605282
xgboost_with_lc,sub_grade_num,0.19552232227331667
xgboost_with_lc,int_rate,0.14962785690313488
xgboost_with_lc,annual_inc,0.11724844492612882
xgboost_with_lc,payment_to_income,0.05134165612649757
xgboost_with_lc,revol_bal,0.04696857033538009
xgboost_with_lc,credit_history_months,0.04547273572991309
xgboost_with_lc,dti,0.04489549373161852
xgboost_with_lc,fico_mid,0.04123891133583594
xgboost_with_lc,purpose,0.038631134773797156
xgboost_with_lc,revol_util,0.03665268862844412
xgboost_with_lc,emp_length_yrs,0.03298083604867254
xgboost_with_lc,loan_to_income,0.030754950367444973
xgboost_with_lc,mort_acc,0.027224410103353365
xgboost_with_lc,inq_last_6mths,0.026812318440221236
xgboost_with_lc,installment,0.02422751976294133
xgboost_with_lc,total_acc,0.02390588522922118
xgboost_with_lc,loan_amnt,0.021067029563985488
xgboost_with_lc,open_acc,0.020848852481642498
xgboost_with_lc,home_ownership,0.008645009126688481
xgboost_with_lc,verification_status,0.006976018789310153
xgboost_with_lc,pub_rec_bankruptcies,0.00425593041500256
xgboost_with_lc,delinq_2yrs,0.0030525857393518914
xgboost_with_lc,pub_rec,0.0016488391680974449
